StartDate,EndDate,Status,IPAddress,Progress,Duration (in seconds),Finished,RecordedDate,ResponseId,RecipientLastName,RecipientFirstName,RecipientEmail,ExternalReference,LocationLatitude,LocationLongitude,DistributionChannel,UserLanguage,Q_RecaptchaScore,Q2_Browser,Q2_Version,Q2_Operating System,Q2_Resolution,Q3,Q4,Q5,Q6,Q7,Q8,Q9,Q10,Q11,Q15,Q17,Q18,Q19,SC0,DeviceIdentifier,workerId,assignmentId,hitId
7/24/20 14:50,7/24/20 14:51,0,99.147.159.183,100,56,1,7/24/20 14:51,R_Om0s2aEqjj6Uml3,,,,,40.03370667,-83.13189697,anonymous,EN,0.9,Firefox,78,Macintosh,1280x800,36,2,3,3,3,8,2,2,2,,2,3,2,68,,AGFI9U0UVU5LH,3MX2NQ3YC9UKJYS56WFJ0IH85ME5XU,3H781YYV6TIACGEKLK2NRP6SZLLETX
7/24/20 14:50,7/24/20 14:51,0,73.187.137.179,100,105,1,7/24/20 14:51,R_8J1nxf0G2fzCgiR,,,,,41.27229309,-75.88870239,anonymous,EN,0.9,Edge,84.0.522.40,Windows NT 10.0,1366x768,39,2,6,3,2,6,2,2,2,,1,3,3,71,,A3HXM7BGH18FOW,3OXV7EAXLEQ4M4L5RQI0L864UMO368,32W3UF2EZOLBYXFGASVKTTUXYAR4CY
7/24/20 14:50,7/24/20 14:51,0,73.168.37.85,100,98,1,7/24/20 14:51,R_3waVicFsVU13CUh,,,,,40.13169861,-88.28540039,anonymous,EN,0.9,Firefox,78,Windows NT 10.0,1366x768,14,2,3,4,2,3,2,2,2,1,,4,3,42,,A1TJNSTGAH0A9M,37ZHEEHM6WMNQ4ZAA0NSRM60PX8377,3R0WOCG21M9KKNF9PUHDQ3A9INQUDA
7/24/20 14:50,7/24/20 14:52,0,163.116.133.115,100,107,1,7/24/20 14:52,R_3MDvOOKtRfLmF28,,,,,41.84829712,-87.65170288,anonymous,EN,0.9,Chrome,84.0.4147.89,Windows NT 10.0,1280x720,1,1,4,3,1,6,1,1,2,2,,2,2,26,,A3NBOVUB00Y1ZT,326O153BMIY6HBGHQX7AA5KT2X1ED2,32W3UF2EZOLBYXFGASVKTTUXYAR4CY
7/24/20 14:50,7/24/20 14:52,0,208.25.103.152,100,118,1,7/24/20 14:52,R_V4KKH7kwfqGoKOZ,,,,,31.72149658,-99.32119751,anonymous,EN,0.9,Chrome,84.0.4147.89,Windows NT 6.3,1024x820,45,2,3,3,1,5,1,2,2,,1,3,2,70,,A62N5Z8QM6IFM,3M0BCWMB8VW7JE4OX1AA1L3T6GTWBS,3V0TR1NRVA2N5IIIQEZTNY49Y76A42
7/24/20 14:51,7/24/20 14:52,0,172.119.104.215,100,56,1,7/24/20 14:52,R_3NKyvJNthtZMXMX,,,,,33.80589294,-117.3466034,anonymous,EN,0.9,Chrome,83.0.4103.116,Macintosh,2560x1440,5,2,4,4,2,7,1,1,2,,1,4,3,36,,AIGUTKZMZ9LNR,3HL8HNGX451MKZ3W9SME6RM3ND1F94,3VQTAXTYN3LR5QHPBYQ7VDM9F2EUB3
7/24/20 14:51,7/24/20 14:53,0,104.152.156.62,100,107,1,7/24/20 14:53,R_3MoMWscl6fylNNu,,,,,32.92419434,-98.33699799,anonymous,EN,0.9,Firefox,77,Windows NT 6.3,1920x1080,45,1,5,3,1,3,2,2,2,1,,2,2,69,,A1PXIIDBEHCLIJ,39LNWE0K4UW4EITP8BNQ5KM9GQ2UI0,3XAOZ9UYRZRY0ZSGSSDDF0CBQ5I1QN
7/24/20 14:51,7/24/20 14:53,0,173.69.154.223,100,121,1,7/24/20 14:53,R_3ef3ZaeR2Wfu3RO,,,,,39.01300049,-76.67420197,anonymous,EN,0.9,Chrome,84.0.4147.89,Windows NT 10.0,1600x900,21,2,6,3,3,6,1,2,2,1,,4,3,54,,A1NP2XGDX58PSH,3OLQQLKKNSPJKXG90TTLD3F67HYEJG,3HXCEECSQMT44X4ARD3ZKGZP2TBYZB
7/24/20 14:51,7/24/20 14:53,0,192.181.29.98,100,72,1,7/24/20 14:53,R_DC2rqbIGlWyKf29,,,,,41.58610535,-83.49299622,anonymous,EN,0.9,Chrome,83.0.4103.116,Macintosh,1440x900,36,1,2,3,4,6,1,1,2,,1,2,2,61,,A26ZU3BN4GKL4Y,3HHRAGRYX85GQCGP8V54TLVHFES9OK,30EMX9PEVKJCJGTFS680FFNBHZ2SK5
7/24/20 14:52,7/24/20 14:53,0,73.70.139.147,100,42,1,7/24/20 14:53,R_2s75XPLMhvYzmvz,,,,,37.2940979,-121.8995972,anonymous,EN,0.9,Chrome,84.0.4147.89,Windows NT 10.0,1920x1080,5,1,2,1,2,5,2,2,2,1,,3,3,29,,A25LHXY3SAOVBV,30LB5CDZNCAATM6JA8XSG81SWE0Z0Z,3VQTAXTYN3LR5QHPBYQ7VDM9F2EUB3
7/24/20 14:50,7/24/20 14:53,0,47.205.84.42,100,188,1,7/24/20 14:53,R_d4Ij5iJHbVagynn,,,,,28.3526001,-82.63009644,anonymous,EN,0.9,Chrome,84.0.4147.89,Windows NT 10.0,1366x768,10,1,3,4,1,4,1,1,2,,1,4,3,35,,A2WW7R8TGL5MJD,337RC3OW0526HYQVY4U8TMGKB15VL4,3V7ICJJAZAGSOSNAWSZPI9OFGPR4BR
7/24/20 14:50,7/24/20 14:53,0,68.227.52.106,100,189,1,7/24/20 14:53,R_1Cd4J5K7kDjPVNZ,,,,,36.08610535,-115.254097,anonymous,EN,0.9,Chrome,84.0.4147.89,Windows NT 10.0,1366x768,29,1,6,3,3,5,2,2,2,1,,4,3,61,,AG35FZXI6EC9D,3DY4FPOOA1OHKWL83OR4FYPJHTURVQ,378G7J1SJLY24XIEGP7YE9DR3F3EWN
7/24/20 14:51,7/24/20 14:53,0,174.250.32.15,100,142,1,7/24/20 14:53,R_22Q5iTFW0d3q11R,,,,,37.75100708,-97.8219986,anonymous,EN,0.9,Chrome,84.0.4147.89,Windows NT 10.0,1366x768,51,1,5,3,2,4,1,1,2,1,,4,3,78,,A2AES7RPZRVG9I,31T4R4OBOSGB34VT3TYTKPAUVALC7E,3R0WOCG21M9KKNF9PUHDQ3A9INQUDA
7/24/20 14:52,7/24/20 14:53,0,184.97.33.208,100,106,1,7/24/20 14:53,R_2V4JpWllkvzaDXA,,,,,43.90010071,-91.2276001,anonymous,EN,0.9,Chrome,84.0.4147.89,Macintosh,1440x900,51,2,5,3,1,3,2,2,2,2,,2,2,77,,A6MH8EOZSH9OQ,3SB4CE2TJVVHP44M1S608TXUX0EXAR,3B9J25CZ25DU0IHR0TR2RWA3CQUCSD
7/24/20 14:50,7/24/20 14:54,0,47.186.36.169,100,188,1,7/24/20 14:54,R_2WI0wmN2hBppmA9,,,,,33.03259277,-96.7858963,anonymous,EN,0.9,Chrome,84.0.4147.89,Windows NT 10.0,1600x900,45,2,3,1,3,5,2,2,2,,1,2,2,70,,A3RNWSZ1TV4PS0,3IAEQB9FMEK0YB28BX1GWBRT915WDZ,341H3G5YF0E7728PJ5SQSO55QGWZ0B
7/24/20 14:53,7/24/20 14:54,0,104.181.236.189,100,88,1,7/24/20 14:54,R_QaaGRWgCYxO5gm5,,,,,41.75169373,-88.24140167,anonymous,EN,0.9,Chrome,83.0.4103.116,Windows NT 10.0,1366x768,14,2,1,3,1,3,1,1,1,,1,4,3,35,,A17FNH337668H8,3H8DHMCCW9B93B8RMJID80XYMUXKDS,3N2YPY1GI6YPP8I9QF22S7UDW61EVD
7/24/20 14:53,7/24/20 14:55,0,137.25.207.165,100,129,1,7/24/20 14:55,R_0lDeJ3Cih53DTJn,,,,,34.41789246,-117.3063965,anonymous,EN,0.9,Chrome,84.0.4147.89,Windows NT 10.0,1920x1080,5,2,2,1,2,3,2,2,2,,1,3,3,28,,A1V30ZVWLOVHVX,3LRLIPTPEQ9B545F29RBIZPS1R0KAQ,3CIS7GGG65JPCTT9LPSXWLSUIZSEUO
7/24/20 14:53,7/24/20 14:55,0,108.14.54.178,100,103,1,7/24/20 14:55,R_29fVW70YmWaLqNC,,,,,41.01289368,-73.75589752,anonymous,EN,0.9,Chrome,84.0.4147.89,Windows NT 10.0,1920x1080,33,1,3,3,3,5,1,2,2,1,,4,3,61,,ACFSVYCDAM0AS,3E13VNJ1NNVO5L2R6ND6UIHC5T5I1P,3VJ4PFXFJ37MMGCX5KQB0223XKTUA8
7/24/20 14:50,7/24/20 14:55,0,173.79.216.139,100,308,1,7/24/20 14:55,R_2wAku6qi7NBTpKR,,,,,39.01269531,-77.53420258,anonymous,EN,0.9,Chrome,84.0.4147.89,Windows NT 10.0,1280x720,48,2,3,3,1,5,2,2,2,2,,2,3,75,,A2YGZ409IST28,3BF51CHDTVAO216P4MRLG1XN0OK0HB,3RDTX9JRTY16JMQW06J0UFDZJRE794
7/24/20 14:54,7/24/20 14:55,0,74.105.118.251,100,80,1,7/24/20 14:55,R_2VmdQL3yX1edkdJ,,,,,40.92410278,-74.51399994,anonymous,EN,0.9,Safari,13.1.1,Macintosh,1280x800,31,1,5,3,2,2,1,1,1,,2,2,2,53,,AEAXBNDD879C1,3P4MQ7TPPXCFVB6D2AEEE7Q8WFCBBS,33N1S8XHHML7ERT7FOWQ6TOFV82Z1E
7/24/20 14:55,7/24/20 14:56,0,207.195.130.45,100,51,1,7/24/20 14:56,R_2U9mcwUyFX6RuAZ,,,,,39.11140442,-100.8594971,anonymous,EN,0.9,Chrome,84.0.4147.89,Windows NT 10.0,1920x1080,17,2,3,3,1,6,1,1,1,,1,2,2,40,,A15MD1NCLTDM4G,33TIN5LC04ASKQKREIE2VCTJTORY9K,3HXCEECSQMT44X4ARD3ZKGZP2TBYZB
7/24/20 14:54,7/24/20 14:56,0,104.173.192.13,100,85,1,7/24/20 14:56,R_1ghh1cn8ttNCthc,,,,,34.05979919,-118.3768997,anonymous,EN,0.9,Chrome,83.0.4103.116,Macintosh,1440x900,5,2,2,3,2,5,2,2,2,1,,4,3,33,,A2ERCTXK2FAFUK,3AUQQEL7U5TTK2199B8PV2OW83VV0W,33N1S8XHHML7ERT7FOWQ6TOFV82Z1E
7/24/20 14:52,7/24/20 14:56,0,68.13.79.76,100,219,1,7/24/20 14:56,R_tR2ayGw9FDHra6t,,,,,41.26800537,-96.11560059,anonymous,EN,0.9,Chrome,84.0.4147.89,Windows NT 10.0,1366x768,28,1,6,3,2,5,2,2,2,,2,2,1,56,,AJBB72MM58BBY,3NGMS9VZTLIVL9U9CEM6GN8EQBWFFW,3RHLQY6EDT4L3PLUAOQVDZCFJA34DY
7/24/20 14:54,7/24/20 14:56,0,104.225.182.4,100,84,1,7/24/20 14:56,R_31S1tkCCmhlwQHj,,,,,33.44430542,-86.75360107,anonymous,EN,0.9,Chrome,83.0.4103.116,Windows NT 10.0,1280x720,1,2,5,3,3,5,1,1,2,,1,4,3,31,,A1D1B5U3KDNIJF,3U8YCDAGXPG1FU5SNCEFPFPORBH0Q8,378G7J1SJLY24XIEGP7YE9DR3F3EWN
7/24/20 14:51,7/24/20 14:56,0,134.202.32.183,100,284,1,7/24/20 14:56,R_3OlwehRnVg3rKVl,,,,,41.84829712,-87.65170288,anonymous,EN,0.9,Firefox,78,Windows NT 10.0,1536x864,45,1,3,3,1,5,2,2,2,1,,3,2,70,,A2YCDNVHMPVFG6,3H7XDTSHKCR3AVCZDN2O2WUQMTLGWT,3N2YPY1GI6YPP8I9QF22S7UDW61EVD
7/24/20 14:55,7/24/20 14:56,0,100.6.177.30,100,91,1,7/24/20 14:56,R_1H66zXsH7ZzsMLt,,,,,40.36849976,-80.05039978,anonymous,EN,0.9,Chrome,83.0.4103.116,Macintosh,2560x1440,39,2,3,3,2,5,2,2,2,,1,3,3,67,,A3695GTAOKL2BT,3MMN5BL1WZ46B76XE6PHA43QKM43MJ,3YKP7CX6G2FP7F5TYQXWLL8P7RH7BE
7/24/20 14:55,7/24/20 14:56,0,107.131.9.132,100,76,1,7/24/20 14:56,R_oYP3au6RZSUspmp,,,,,33.61239624,-117.6400986,anonymous,EN,0.9,Chrome,83.0.4103.116,Macintosh,1440x900,5,2,2,3,3,5,1,1,1,1,,4,3,31,,A1AOHX6PDWESG9,345LHZDEDXSPOFB6N8G31EKKX873UB,341H3G5YF0E7728PJ5SQSO55QGWZ0B
7/24/20 14:55,7/24/20 14:56,0,47.34.46.198,100,57,1,7/24/20 14:56,R_2du991qPm4oYNkg,,,,,43.42190552,-88.18470001,anonymous,EN,0.7,Chrome,84.0.4147.89,Windows NT 10.0,1920x1080,51,1,2,3,1,5,1,2,2,1,,3,3,75,,A3V3SQCM8QGYB7,3QJOXOW4XJR9L5MU3Q6DTV7NBBTMES,3M93N4X8HKNH8WNXAL8OE0NY2A2SJ6
7/24/20 14:55,7/24/20 14:56,0,173.53.75.38,100,85,1,7/24/20 14:56,R_3nIrb1N91PsVYXg,,,,,37.66529846,-77.53639984,anonymous,EN,0.9,Chrome,84.0.4147.89,Macintosh,1600x900,48,2,3,3,2,6,1,1,2,1,,3,3,75,,A27DIDZ5B9MZWJ,3RXPCZQMQPBA9UWWGZD3964WQGE1GH,3CZH926SICEQVVZU6J1FJHU0JM44ER
7/24/20 14:55,7/24/20 14:57,0,66.232.193.190,100,99,1,7/24/20 14:57,R_10YKSFpP9Yvgpw0,,,,,38.87890625,-99.33920288,anonymous,EN,0.9,Safari,12.1.2,Macintosh,1440x900,17,2,2,3,1,6,2,2,2,,2,2,1,42,,A1FM4MRWP04RYL,3WMOAN2SRBXW5YTGAHAN6EK9GW6VN7,3HXCEECSQMT44X4ARD3ZKGZP2TBYZB
7/24/20 14:56,7/24/20 14:57,0,162.196.176.250,100,59,1,7/24/20 14:57,R_1eEmsyewXn2zhAW,,,,,34.23260498,-118.5480957,anonymous,EN,0.9,Chrome,84.0.4147.89,Windows NT 10.0,1366x768,5,1,5,3,2,5,2,2,2,,1,2,1,31,,A3EYRDEQ7CXUMN,3NC5L260MOMPRM72BH5W3HHSICNOFR,3CZH926SICEQVVZU6J1FJHU0JM44ER
7/24/20 14:56,7/24/20 14:57,0,174.247.12.128,100,62,1,7/24/20 14:57,R_2B4AWNzrPWtcOeU,,,,,35.21000671,-80.85119629,anonymous,EN,0.9,Firefox,78,Macintosh,1440x900,42,2,4,3,2,5,1,2,2,,1,4,3,71,,A1KE64Y63ELV1O,39GXDJN2OTEB2R6C4FL4OHUER188VX,3VJ4PFXFJ37MMGCX5KQB0223XKTUA8
7/24/20 14:57,7/24/20 14:57,0,23.126.165.6,100,12,1,7/24/20 14:57,R_QnuBOe3aZ0VSnRv,,,,,35.34359741,-86.20880127,anonymous,EN,0.9,Chrome,79.0.3945.136,Android 8.1.0,962x601,,,,,,,,,,,,,,,,A2KQ77N4EYAUO3,3OXV7EAXLEQ4M4L5RQI0L864UMP369,3V0TR1NRVA2N5IIIQEZTNY49Y764AW
7/24/20 14:56,7/24/20 14:57,0,47.34.104.249,100,80,1,7/24/20 14:57,R_7Pzda9n3J2dz8gV,,,,,38.4539032,-90.32800293,anonymous,EN,0.9,Chrome,84.0.4147.89,Windows NT 10.0,1280x720,26,2,2,"3,4",3,3,2,2,2,,2,1,1,53,,A2EH7IQCDH2Q5D,3OE22WJIGIOHVGH8LJSZEMDV70KQU0,3H781YYV6TIACGEKLK2NRP6SZLLETX
7/24/20 14:55,7/24/20 14:58,0,100.4.18.54,100,166,1,7/24/20 14:58,R_1d62Ydu9HoxtkZA,,,,,37.71020508,-75.75279999,anonymous,EN,0.9,Chrome,83.0.4103.119,CrOS x86_64 13020.87.0,1187x667,48,2,4,2,3,5,1,1,1,1,,4,3,75,,A25VLL53VCMBQI,3K9FOBBF2HJT9THMWD8HJ5M7PY4NLG,3CZH926SICEQVVZU6J1FJHU0JM44ER
7/24/20 14:54,7/24/20 14:58,0,174.73.229.95,100,197,1,7/24/20 14:58,R_1FFHbFeEsCbzB7h,,,,,33.43469238,-112.2773972,anonymous,EN,0.9,Chrome,83.0.4103.119,CrOS x86_64 13020.87.0,1366x768,3,2,2,4,4,3,1,2,2,2,,4,3,32,,AXS3UWWTNVM19,3I3WADAZ9Q4XPPED55SNH5QFTI95OP,3P0I4CQYVY7OGOV3A3AUJL757H8WO8
7/24/20 14:54,7/24/20 14:58,0,216.176.152.250,100,193,1,7/24/20 14:58,R_2sXXqmXMwKdduaL,,,,,41.47059631,-87.07830048,anonymous,EN,0.9,Chrome,84.0.4147.89,Windows NT 10.0,1366x768,15,2,5,3,3,5,2,2,2,,2,1,1,43,,A16K3CX6M52MR2,3ZDAD0O1T1DM403V7SXH3YNMLP0XTD,3YD0MU1NC21KO501SCX0QAOJP9W7AJ
7/24/20 14:54,7/24/20 14:58,0,45.132.227.35,100,244,1,7/24/20 14:58,R_xmA8tZYBt80Y0vf,,,,,40.78759766,-74.05999756,anonymous,EN,0.9,Chrome,84.0.4147.89,Windows NT 10.0,1366x768,5,1,4,2,2,5,2,2,2,,1,4,3,33,,A71NZTTHS4AMB,3F6HPJW4JD0DV14SE8HZ0S0PCAH2WX,3YKP7CX6G2FP7F5TYQXWLL8P7RH7BE
7/24/20 14:57,7/24/20 14:58,0,73.168.89.98,100,56,1,7/24/20 14:58,R_6R38xm1j1S2JxSx,,,,,41.76089478,-88.01509857,anonymous,EN,0.9,Firefox,78,Windows NT 10.0,1408x792,14,1,2,3,2,5,1,2,2,,1,3,3,39,,AQQE6W7XDZ5S0,3ZWFC4W1UU7SOZZI39M0XCMXTZ7RF3,3R0WOCG21M9KKNF9PUHDQ3A9INQUDA
7/24/20 14:56,7/24/20 14:58,0,24.21.185.188,100,109,1,7/24/20 14:58,R_5ANcFt9zApdgIJH,,,,,45.48869324,-122.5091019,anonymous,EN,0.9,Chrome,83.0.4103.106,Windows NT 10.0,1536x864,38,2,3,3,2,5,2,2,2,1,,4,3,67,,A1MI8VOY17Z496,3DEL4X4EL6LILM2PHYKGBFF10RIYX3,3HXCEECSQMT44X4ARD3ZKGZP2TBYZB
7/24/20 14:56,7/24/20 14:58,0,173.18.61.196,100,105,1,7/24/20 14:58,R_1rkX28FLrFHHuBf,,,,,41.64349365,-91.5684967,anonymous,EN,0.9,Chrome,84.0.4147.89,Windows NT 10.0,1536x864,16,1,4,1,3,6,1,2,1,1,,4,2,42,,A1RLD05HVZNACB,3ND9UOO81K2JWNQ0OEZ4FOZYIA8WLG,3RZS0FBRWKAXNQ1Z8CN8WR5SP6NCPX
7/24/20 14:57,7/24/20 14:59,0,107.200.209.55,100,80,1,7/24/20 14:59,R_3g2hohYPec9ywQv,,,,,33.39500427,-86.83480072,anonymous,EN,0.9,Chrome,83.0.4103.116,Windows NT 10.0,1920x1080,1,1,3,3,3,5,1,2,2,1,,4,3,29,,A3KFFIBJZVM0J2,3W2LOLRXLBF34LRW4KDXDPE21VORK5,378G7J1SJLY24XIEGP7YE9DR3F3EWN
7/24/20 14:57,7/24/20 14:59,0,68.50.66.13,100,98,1,7/24/20 14:59,R_22AqRNJY1FBays9,,,,,39.20509338,-85.93240356,anonymous,EN,0.9,Firefox,78,Windows NT 10.0,2560x1440,15,3,3,3,3,3,1,2,2,1,,4,3,43,,A2T78E7VI6R56P,3JW0YLFXRTGZ7H2ZSS66OZGEGHCWW9,3V0TR1NRVA2N5IIIQEZTNY49Y76A42
7/24/20 14:57,7/24/20 14:59,0,67.165.147.234,100,100,1,7/24/20 14:59,R_1gU6CAyz3oivmRc,,,,,41.54119873,-88.05460358,anonymous,EN,0.9,Chrome,81.0.4044.92,Windows NT 10.0,1366x768,14,1,3,2,2,6,1,2,2,,1,4,2,40,,A38QL0TEXQ6Y51,3FTYUGLFSUL6LSNOFWE76BEGP435DT,3V0TR1NRVA2N5IIIQEZTNY49Y764AW
7/24/20 14:58,7/24/20 15:00,0,75.91.207.93,100,113,1,7/24/20 15:00,R_3O6zMApPB5VqqnY,,,,,40.40559387,-97.44100189,anonymous,EN,0.9,Firefox,78,Windows NT 10.0,1920x1080,28,1,6,3,2,3,2,2,2,,1,4,3,57,,A2317T0VK1GNUR,3PZDLQMM0TL4H3YNXHHYOYTMKU0C2Z,341H3G5YF0E7728PJ5SQSO55QGWZ0B
7/24/20 14:54,7/24/20 15:00,0,97.116.145.35,100,355,1,7/24/20 15:00,R_DCVdM2kOLSHY8al,,,,,44.87690735,-93.25350189,anonymous,EN,0.9,Chrome,84.0.4147.89,Windows NT 10.0,1366x768,24,1,3,3,3,5,2,2,2,1,,4,3,53,,AV4584AQEQAEN,3NS0A6KXC4874QH4OAMV10O83VQGZK,3N2YPY1GI6YPP8I9QF22S7UDW61EVD
7/24/20 14:58,7/24/20 15:00,0,172.88.34.109,100,113,1,7/24/20 15:00,R_3rIAe6MGR2Zy7kM,,,,,33.78320313,-117.9772949,anonymous,EN,0.7,Chrome,84.0.4147.89,Windows NT 10.0,1920x1080,5,2,3,3,3,5,2,2,2,1,,1,1,30,,A1CIEZNXXDSO6V,39LOEL67OS5RQI4TK5FY5M2V0HF830,341H3G5YF0E7728PJ5SQSO55QGWZ0B
7/24/20 14:56,7/24/20 15:00,0,70.176.79.62,100,258,1,7/24/20 15:00,R_2WJxoPCFmFu6rNr,,,,,32.21299744,-110.8279037,anonymous,EN,0.9,Chrome,84.0.4147.89,Windows NT 10.0,1280x720,3,1,4,3,2,5,2,2,2,1,,4,3,32,,A1Q6VY3C3CEOA0,3RWE2M8QWHAGCXS07KMYLLUJM0U0NL,3VJ4PFXFJ37MMGCX5KQB0223XKTUA8
7/24/20 14:54,7/24/20 15:00,0,73.128.27.201,100,377,1,7/24/20 15:00,R_xAvVrBeKyUBVXuV,,,,,38.87319946,-77.11509705,anonymous,EN,0.9,Chrome,84.0.4147.89,Windows NT 10.0,1536x864,21,2,3,3,2,5,2,2,2,1,,4,3,50,,AAC9DJ81ZXUE7,3KWTYT08703PJ4BGSDCVPOMLYD4L5O,30EMX9PEVKJCJGTFS680FFNBHZ2SK5
7/24/20 14:58,7/24/20 15:00,0,73.179.213.10,100,121,1,7/24/20 15:00,R_DiwlSb2CTViGTxD,,,,,26.92070007,-80.20929718,anonymous,EN,0.9,Chrome,84.0.4147.89,Windows NT 10.0,1536x864,10,1,6,3,1,6,1,2,2,2,,4,3,41,,A15K3N6VEJFJ2W,3AAJC4I4FGSHVS75WG7YYDGOVN8JZS,32FESTC2NHQAFV9VPYM26XSRXNEUCA
7/24/20 14:58,7/24/20 15:00,0,50.83.214.252,100,113,1,7/24/20 15:00,R_2y9JHlq0TrB39R8,,,,,41.77409363,-88.43969727,anonymous,EN,0.9,Firefox,78,Windows NT 10.0,1920x1080,14,1,3,3,2,5,1,2,2,,1,4,3,41,,A2QFNRJNY1POP9,3AQF3RZ558IZ2G1YBLJ2MHV1XCUF6U,3RZS0FBRWKAXNQ1Z8CN8WR5SP6NCPX
7/24/20 14:57,7/24/20 15:00,0,74.196.88.5,100,223,1,7/24/20 15:00,R_2DRBdfJpaQcTKI5,,,,,37.25549316,-82.46140289,anonymous,EN,0.9,Chrome,84.0.4147.89,Windows NT 10.0,1366x768,18,2,5,3,2,5,1,1,2,,1,4,3,47,,A1NGUY5K6K1HIV,3LJ7UR74RHDXBLA1QL90XOKW3CA4N5,3CZH926SICEQVVZU6J1FJHU0JM44ER
7/24/20 15:00,7/24/20 15:01,0,73.182.69.58,100,55,1,7/24/20 15:01,R_3k5QGPo9k7wI0q6,,,,,31.92680359,-81.0381012,anonymous,EN,0.9,Safari,13.1.1,Macintosh,834x1194,33,1,2,"2,3",2,6,2,2,2,,1,4,3,63,,A2E12UAGWSR3VO,3I7DHKZYGN03JC1K629XUBH11HJ5F4,3V0TR1NRVA2N5IIIQEZTNY49Y76A42
7/24/20 14:58,7/24/20 15:01,0,73.214.100.78,100,145,1,7/24/20 15:01,R_SVSfGVRGwqkDPod,,,,,39.45269775,-78.89260101,anonymous,EN,0.9,Safari,13.0.5,Macintosh,1280x800,50,2,2,3,2,4,1,2,2,1,,4,3,76,,A2EJ36UWD2MHAU,37TD41K0AH9XM2FLRWW4FG6QIOZSCI,3V7ICJJAZAGSOSNAWSZPI9OFGPR4BR
7/24/20 14:58,7/24/20 15:01,0,98.248.190.58,100,196,1,7/24/20 15:01,R_27WqCe4TL8cF7HX,,,,,38.34669495,-121.9519043,anonymous,EN,0.9,Firefox,78,Windows NT 10.0,1536x864,5,2,5,3,2,5,2,2,2,,1,2,3,34,,A103NCKH3QU7M7,3WZ36BJEV3GFRX0U2W5ZE1WU2MDBTJ,3YD0MU1NC21KO501SCX0QAOJP9W7AJ
7/24/20 15:01,7/24/20 15:02,0,107.77.229.100,100,6,1,7/24/20 15:02,R_1mh0EbIy8uYMPEX,,,,,33.86810303,-118.1831055,anonymous,EN,0.9,Chrome,75.0.3770.143,Android 10,360x740,,,,,,,,,,,,,,,,A98R0HJH5N10I,39RP059MEHTBE2AATZ4NSN128EHMBT,3CZH926SICEQVVZU6J1FJHU0JM44ER
7/24/20 15:02,7/24/20 15:02,8,107.77.229.100,100,7,1,7/24/20 15:02,R_2sR7YIjV2gENv65,,,,,33.86810303,-118.1831055,anonymous,EN,0.9,Chrome,75.0.3770.143,Android 10,360x740,,,,,,,,,,,,,,,,A98R0HJH5N10I,39RP059MEHTBE2AATZ4NSN128EHMBT,3CZH926SICEQVVZU6J1FJHU0JM44ER
7/24/20 15:01,7/24/20 15:02,0,108.196.45.222,100,75,1,7/24/20 15:02,R_2Bu0d8KqeAEpVYA,,,,,36.35189819,-94.21970367,anonymous,EN,0.9,Chrome,84.0.4147.89,Macintosh,1440x900,4,2,3,1,3,5,1,2,1,,1,4,3,30,,A2TJIZOER85CC6,345LHZDEDXSPOFB6N8G31EKKX87U32,3RWO3EJELH9D0NR1SFYOFVM1L9W1PW
7/24/20 14:56,7/24/20 15:02,0,67.85.175.146,100,343,1,7/24/20 15:02,R_2alwurAk8kS9qaS,,,,,41.81390381,-73.11229706,anonymous,EN,0.9,Firefox,78,Windows NT 6.3,1280x1024,7,1,5,4,3,3,2,2,2,,1,4,3,37,,A4QTROQJPURVE,3TDXMTX3CBUJC73OCTPNPE8TD4M6IC,3MJ9GGZYO36D243VM0G5UJ7BETAA26
7/24/20 15:00,7/24/20 15:02,0,208.74.140.116,100,150,1,7/24/20 15:02,R_1EZrd7G4lH0fNc2,,,,,41.19169617,-74.21269989,anonymous,EN,0.9,Edge,84.0.522.40,Windows NT 10.0,1920x1200,33,2,3,3,4,5,1,2,2,2,,3,3,63,,ABKCSQ4HDD7NT,3JCG6DTRV3QP3NAR4A8U4LG64FFQQW,3V0TR1NRVA2N5IIIQEZTNY49Y76A42
7/24/20 15:00,7/24/20 15:02,0,208.101.209.53,100,146,1,7/24/20 15:02,R_2bJblzBHZirBh8R,,,,,36.9046936,-94.26589966,anonymous,EN,0.9,Edge,84.0.522.40,Windows NT 10.0,1366x768,26,2,4,3,1,3,2,2,2,2,,1,1,49,,ALHS00M2ELPQ3,37FMASSAYCRPIJKJ8K6V0UULR5XIB9,3RZS0FBRWKAXNQ1Z8CN8WR5SP6NCPX
7/24/20 14:59,7/24/20 15:02,0,70.114.73.101,100,198,1,7/24/20 15:02,R_DjAkSESINQzJJ97,,,,,32.769104,-96.6053009,anonymous,EN,0.9,Firefox,78,Windows NT 10.0,1366x768,45,1,4,1,1,5,1,2,1,1,,4,3,69,,A1K581IY10MNC0,32AT8R96GL9T8WWLDNH49MSWPO6SUS,3RHLQY6EDT4L3PLUAOQVDZCFJA34DY
7/24/20 15:01,7/24/20 15:03,0,73.133.161.63,100,113,1,7/24/20 15:03,R_33Dp0huOLIiaAI0,,,,,39.21240234,-76.87760162,anonymous,EN,0.9,Safari,13.1.1,Macintosh,2560x1440,21,2,5,3,1,6,2,2,2,1,,4,3,52,,A36HLORY5EEG4X,3EJPLAJKEMG57XSYCXD9P9BJ9HOZ62,3B9J25CZ25DU0IHR0TR2RWA3CQUCSD
7/24/20 15:02,7/24/20 15:03,0,174.218.143.56,100,87,1,7/24/20 15:03,R_XSRQslCYizHDsqt,,,,,33.97070313,-84.3246994,anonymous,EN,0.9,Chrome,83.0.4103.119,CrOS x86_64 13020.87.0,1200x750,11,2,4,3,2,6,1,1,1,,1,4,3,39,,A30P5YPR804NB3,37W3JXSD6683WMXZ7TOU9W1URPCYWA,3R0WOCG21M9KKNF9PUHDQ3A9INQUDA
7/24/20 14:59,7/24/20 15:04,0,174.241.138.186,100,315,1,7/24/20 15:04,R_vw3jCTsLtokqD2F,,,,,38.26339722,-85.67299652,anonymous,EN,0.9,Chrome,84.0.4147.89,Windows NT 10.0,1366x768,18,1,2,3,1,3,2,2,2,,1,3,2,40,,A2V7ZDQ9KFTCWV,3TXWC2NHNZQVO48IFCMDDQ5IC3WS91,3RZS0FBRWKAXNQ1Z8CN8WR5SP6NCPX
7/24/20 15:02,7/24/20 15:04,0,75.83.84.2,100,105,1,7/24/20 15:04,R_3kbNhqi63wpt97P,,,,,34.18510437,-118.7705994,anonymous,EN,0.9,Chrome,84.0.4147.89,Macintosh,1680x1050,5,1,3,3,2,5,1,2,2,1,,4,3,32,,AJO0UHPF6NEHU,33M4IA01QG19OLQ333SM3JM4X44XR1,3RHLQY6EDT4L3PLUAOQVDZCFJA34DY
7/24/20 15:03,7/24/20 15:04,0,66.97.56.48,100,72,1,7/24/20 15:04,R_2TNKB0t334dnZOd,,,,,30.06030273,-90.55180359,anonymous,EN,0.9,Chrome,84.0.4147.89,Macintosh,1440x900,19,2,2,3,1,5,1,1,1,,1,3,3,42,,A26SW58LO86W4T,3S3AMIZX3U5RKDW3U61FKHKQHLQCD9,378G7J1SJLY24XIEGP7YE9DR3F3EWN
7/24/20 14:55,7/24/20 15:05,0,24.193.86.11,100,567,1,7/24/20 15:05,R_1IW70Cm7IWYczxu,,,,,40.56970215,-74.11840057,anonymous,EN,0.9,Edge,83.0.478.64,Windows NT 10.0,1280x720,33,2,4,1,2,5,1,2,2,,2,4,3,61,,ALAOEYIYW0CW7,31LM9EDVOLSNE3TMTSW43Q9FL9ZJNA,3V0TR1NRVA2N5IIIQEZTNY49Y76A42
7/24/20 14:58,7/24/20 15:05,0,162.211.39.81,100,432,1,7/24/20 15:05,R_tYUjVwIZVtAJ5yF,,,,,38.00120544,-84.53250122,anonymous,EN,0.9,Chrome,84.0.4147.89,Windows NT 10.0,1536x864,18,2,2,3,2,5,1,2,2,1,,4,2,44,,A2FTBHDLWYTGDD,33PPUNGG385YTGQI4LG7042F541RZR,32FESTC2NHQAFV9VPYM26XSRXNEUCA
7/24/20 15:04,7/24/20 15:06,0,24.102.82.71,100,87,1,7/24/20 15:06,R_1NxC59oodRDl2sV,,,,,40.77870178,-73.91320038,anonymous,EN,0.9,Firefox,78,Windows NT 10.0,1366x768,33,1,4,3,3,7,1,1,1,,1,4,3,62,,A23Z7125ASTIPY,3S4AW7T80BI7NL7GE8TLKWG7YHBL4L,3CZH926SICEQVVZU6J1FJHU0JM44ER
7/24/20 15:06,7/24/20 15:07,0,23.117.136.171,100,66,1,7/24/20 15:07,R_20VGbXLYV9hdMsW,,,,,37.27949524,-97.38780212,anonymous,EN,0.9,Chrome,84.0.4147.89,Windows NT 10.0,1920x1080,17,2,3,3,3,2,2,2,2,1,,3,3,43,,A3FWYOGYM4ESVH,35LDD5557A4C75E4ZCHGRQKSV8RMKE,33N1S8XHHML7ERT7FOWQ6TOFV82Z1E
7/24/20 15:06,7/24/20 15:08,0,98.235.226.174,100,116,1,7/24/20 15:08,R_2rhVZH0ToyYaAOB,,,,,40.30619812,-76.88410187,anonymous,EN,0.9,Chrome,84.0.4147.89,Macintosh,1440x900,39,1,2,4,3,3,2,2,2,,1,1,2,62,,A36J3B52WIL3RR,3B4YI393V9WDTJ4HOIM4ULA84RMSSD,3V0TR1NRVA2N5IIIQEZTNY49Y76A42
7/24/20 15:06,7/24/20 15:08,0,104.186.213.70,100,120,1,7/24/20 15:08,R_1I4B0oWApIgOdgR,,,,,42.99229431,-87.99320221,anonymous,EN,0.9,Safari,13.1.1,Macintosh,1440x900,51,2,3,3,2,3,1,2,2,,1,4,3,77,,A336GQ1NDUOWCX,3WQ3B2KGE8GEIDOL0DLP8VDZA3NB1B,3YKP7CX6G2FP7F5TYQXWLL8P7RH7BE
7/24/20 15:07,7/24/20 15:08,0,68.45.44.228,100,86,1,7/24/20 15:08,R_2frGQwRyUwp3BDZ,,,,,39.13969421,-86.51409912,anonymous,EN,0.9,Chrome,84.0.4147.89,Windows NT 10.0,1536x864,15,2,4,3,3,1,2,2,2,1,,4,3,42,,A2POAB7MCEIRVI,39RP059MEHTBE2AATZ4NSN128EIBMJ,3YKP7CX6G2FP7F5TYQXWLL8P7RH7BE
7/24/20 15:07,7/24/20 15:09,0,76.26.93.151,100,101,1,7/24/20 15:09,R_yVABNNBfItZfHax,,,,,38.40769958,-82.44049835,anonymous,EN,0.9,Safari,13.1.1,Macintosh,1280x800,50,1,2,3,2,5,1,2,2,,1,4,3,76,,AWLH9OJO08OU2,386CSBG1OZMWT5R7P1UWYGZF4E56QH,30EMX9PEVKJCJGTFS680FFNBHZ2SK5
7/24/20 15:07,7/24/20 15:09,0,73.81.166.216,100,114,1,7/24/20 15:09,R_Uu9Bm0IZQdwMNq1,,,,,40.11360168,-74.93959808,anonymous,EN,0.9,Firefox,78,Windows NT 6.1,1536x864,39,1,3,3,2,5,1,2,2,1,,4,3,66,,A2DOOA7AVH088C,3D3VGR7TA0FX8NJPJELYW3X0Q94R3W,30EMX9PEVKJCJGTFS680FFNBHZ2SK5
7/24/20 15:07,7/24/20 15:09,0,70.160.159.138,100,129,1,7/24/20 15:09,R_2v5QY5lkFkKgLb4,,,,,36.7322998,-76.03630066,anonymous,EN,0.9,Chrome,84.0.4147.89,Windows NT 6.1,1366x768,48,2,6,2,3,6,1,1,1,,2,4,3,79,,A2H4LJ4CXZQ304,308XBLVESI42BIN2Y704EMVCE1HRBN,341H3G5YF0E7728PJ5SQSO55QGWZ0B
7/24/20 15:08,7/24/20 15:09,0,192.181.162.135,100,90,1,7/24/20 15:09,R_1QLtTBzGYaghZ4r,,,,,39.3480072,-84.11630249,anonymous,EN,0.9,Firefox,78,Windows NT 10.0,1536x864,36,2,2,3,3,5,2,2,2,1,,4,3,65,,A2PEWLBATA6HAA,3XCC1ODXDLBPFOPRHPXU9BQB01IRQZ,3XAOZ9UYRZRY0ZSGSSDDF0CBQ5I1QN
7/24/20 15:08,7/24/20 15:09,0,173.21.74.95,100,97,1,7/24/20 15:09,R_3fSLTKIZmPhjZhS,,,,,41.74409485,-91.61319733,anonymous,EN,0.9,Chrome,84.0.4147.89,Macintosh,1920x1080,16,2,5,3,1,5,1,1,2,1,,2,1,40,,A140YK07NHCPOF,3ZSY5X72NXBMUCCB2C5QK6VBL00ROR,3HXCEECSQMT44X4ARD3ZKGZP2TBYZB
7/24/20 15:09,7/24/20 15:10,0,98.26.17.209,100,61,1,7/24/20 15:10,R_2y9KEEtlKRDqTET,,,,,35.9151001,-79.09719849,anonymous,EN,0.9,Chrome,84.0.4147.89,Macintosh,1440x900,34,1,2,3,2,5,2,2,2,,1,4,3,61,,A38SQ8KCQ1GR06,3TY7ZAOG5FKF4R7XA7UITTDFS5R0KI,3HXCEECSQMT44X4ARD3ZKGZP2TBYZB
7/24/20 15:09,7/24/20 15:11,0,73.52.246.28,100,82,1,7/24/20 15:11,R_3iX7ceGaAPtZtft,,,,,40.3052063,-79.54180145,anonymous,EN,0.9,Chrome,83.0.4103.116,Macintosh,1440x900,39,2,2,3,2,5,1,2,2,1,,2,3,64,,A5YRHJAYCFEM,3GNCZX450INCGV2VF1WJEGBRV19APK,3R0WOCG21M9KKNF9PUHDQ3A9INQUDA
7/24/20 15:10,7/24/20 15:11,0,24.239.105.151,100,65,1,7/24/20 15:11,R_3j9GqwHeoRO3V7V,,,,,41.23249817,-80.23400116,anonymous,EN,0.9,Firefox,78,Windows NT 10.0,1920x1080,39,2,3,3,3,5,2,2,2,,2,1,1,65,,A2D7IGYPUP48R7,32ZKVD547FNASG20NHZ8WOSW8N2B34,3M93N4X8HKNH8WNXAL8OE0NY2A2SJ6
7/24/20 15:09,7/24/20 15:12,0,45.18.82.76,100,164,1,7/24/20 15:12,R_3JasRqxcldnk2Uu,,,,,35.26119995,-120.6549988,anonymous,EN,0.9,Chrome,84.0.4147.89,Macintosh,1680x1050,5,1,2,4,2,3,1,2,2,1,,3,3,29,,A20R9K3NM82YRK,3UXUOQ9OKEXNAPYVJF22EUK6V73A7D,3P0I4CQYVY7OGOV3A3AUJL757H8WO8
7/24/20 15:11,7/24/20 15:12,0,73.52.103.174,100,56,1,7/24/20 15:12,R_D2FShC9cMj0fmNj,,,,,41.38999939,-75.66359711,anonymous,EN,0.9,Edge,84.0.522.40,Windows NT 10.0,1366x768,39,1,3,3,3,6,1,1,1,,1,2,2,63,,A369TV2ZTHDKLS,3G2UL9A02DEMNNMST2LQYPIKZOD67J,3CZH926SICEQVVZU6J1FJHU0JM44ER
7/24/20 15:10,7/24/20 15:12,0,68.195.124.25,100,85,1,7/24/20 15:12,R_1rNageD6aVdp4HQ,,,,,40.46359253,-74.27839661,anonymous,EN,0.9,Chrome,84.0.4147.89,Windows NT 10.0,2560x1440,31,1,2,3,3,5,2,2,2,1,,4,2,58,,A3JHQKY4GRVW3S,3E337GFOL98DN13LLMB16DHZTHLNGD,33N1S8XHHML7ERT7FOWQ6TOFV82Z1E
7/24/20 15:08,7/24/20 15:12,0,71.175.227.18,100,275,1,7/24/20 15:12,R_Q0RTkCJKJg9XHIB,,,,,40.625,-75.39530182,anonymous,EN,0.9,Firefox,78,Windows NT 10.0,1088x612,39,2,6,3,4,3,1,1,1,,1,4,3,68,,A20Z6YO39093OJ,3X4MXAO0BGOUZLLDTYW0108XO2ZWR8,378G7J1SJLY24XIEGP7YE9DR3F3EWN
7/24/20 15:11,7/24/20 15:13,0,67.162.78.231,100,91,1,7/24/20 15:13,R_PYS2Vl7jbJh8ATv,,,,,41.63999939,-88.07170105,anonymous,EN,0.9,Edge,18.18363,Windows NT 10.0,1366x768,14,1,2,3,3,4,2,1,2,,1,3,3,39,,A3BPJK7XSOHXM4,32AT8R96GL9T8WWLDNH49MSWPO8SUU,3R0WOCG21M9KKNF9PUHDQ3A9INQUDA
7/24/20 15:09,7/24/20 15:13,0,98.169.72.113,100,230,1,7/24/20 15:13,R_2Ww1eBUtBw6QsDn,,,,,38.84519958,-77.46510315,anonymous,EN,0.9,Firefox,78,Windows NT 10.0,1366x768,48,1,3,"1,3",3,5,2,2,2,1,,2,1,74,,A3JTWZSPX464IW,338JKRMM26ZK3E47WOOE57909AZAHF,3V7ICJJAZAGSOSNAWSZPI9OFGPR4BR
7/24/20 15:10,7/24/20 15:13,0,68.205.72.60,100,184,1,7/24/20 15:13,R_1NCAnAGmLmRR0M8,,,,,28.55039978,-81.1832962,anonymous,EN,0.9,Chrome,84.0.4147.89,Windows NT 10.0,1366x768,10,2,6,2,3,4,2,2,2,1,,4,3,41,,A3ASK7MW6P4RZQ,3TU5ZICBRD1JXJAVIGRUIUV6A9V8Q5,33N1S8XHHML7ERT7FOWQ6TOFV82Z1E
7/24/20 15:11,7/24/20 15:13,0,96.58.163.136,100,118,1,7/24/20 15:13,R_2VDVwpM2rmVe6iv,,,,,27.78889465,-82.71920013,anonymous,EN,0.9,Chrome,84.0.4147.89,Windows NT 6.1,1920x1080,10,1,2,3,3,3,1,2,2,2,,1,1,31,,A39D66USAXOI94,3Y5140Z9DXGRMDLTRPOWVEZA89EIPW,3P0I4CQYVY7OGOV3A3AUJL757H8WO8
7/24/20 15:12,7/24/20 15:14,0,108.238.26.189,100,130,1,7/24/20 15:14,R_wT7cwmvSyNmEIy5,,,,,40.03259277,-82.87989807,anonymous,EN,0.9,Chrome,84.0.4147.89,Windows NT 10.0,1368x912,36,1,4,3,1,6,2,2,2,1,,3,1,62,,AUB2I82NRWV29,3HPZF4IVNMTUIORUQ2OTX2URZ9XYC4,3RHLQY6EDT4L3PLUAOQVDZCFJA34DY
7/24/20 15:13,7/24/20 15:14,0,73.72.4.111,100,70,1,7/24/20 15:14,R_3NQzbnK8dHNQ9DE,,,,,41.90249634,-87.67259979,anonymous,EN,0.9,Chrome,84.0.4147.89,Windows NT 10.0,1504x1003,14,2,2,3,2,6,1,2,2,,1,4,3,42,,ASVU8IUWURJTW,3L4PIM1GQTGYOQGD8ZEOMXTDZA0YRA,3P0I4CQYVY7OGOV3A3AUJL757H8WO8
7/24/20 15:13,7/24/20 15:14,0,75.130.218.171,100,49,1,7/24/20 15:14,R_9GH1kg1nMzkYDm1,,,,,38.57929993,-90.42199707,anonymous,EN,0.9,Chrome,84.0.4147.89,Macintosh,1440x900,26,2,2,3,2,3,1,2,2,,1,4,3,51,,ADQYBLW89856C,3H7Z272LX77TCETZCSL9NUR2PD8PLH,3VJ4PFXFJ37MMGCX5KQB0223XKTUA8
7/24/20 15:12,7/24/20 15:14,0,72.181.106.118,100,118,1,7/24/20 15:14,R_2rMUDuw2x8LztMA,,,,,29.44110107,-98.49359894,anonymous,EN,0.9,Edge,84.0.522.40,Windows NT 10.0,3000x2000,45,1,6,3,3,5,1,1,1,,1,3,2,72,,A2TDZD3MQBHNK1,3OLQQLKKNSPJKXG90TTLD3F67H1JEO,3N2YPY1GI6YPP8I9QF22S7UDW61EVD
7/24/20 15:13,7/24/20 15:15,0,99.58.106.25,100,129,1,7/24/20 15:15,R_roRQRPhBl7jqILv,,,,,41.74159241,-87.9375,anonymous,EN,0.9,Chrome,84.0.4147.89,Macintosh,1440x900,14,1,2,3,2,5,1,1,2,,1,4,2,38,,AMWC6UATJGUCZ,36NEMU28XFD3258LOQ0JF1ENIF1MWB,32FESTC2NHQAFV9VPYM26XSRXNEUCA
7/24/20 15:14,7/24/20 15:15,0,100.6.54.17,100,83,1,7/24/20 15:15,R_1DLS38NzEwz65qB,,,,,40.45620728,-79.81629944,anonymous,EN,0.9,Chrome,84.0.4147.89,Windows NT 10.0,1600x900,39,2,3,3,1,5,2,2,2,,1,2,2,64,,A7VQJN8H4QMI6,3URFVVM165IQ98IZ8FBC5FPZC38UZ1,3V0TR1NRVA2N5IIIQEZTNY49Y764AW
7/24/20 15:12,7/24/20 15:16,0,184.103.146.12,100,193,1,7/24/20 15:16,R_3PYt0QPGvzIzsgW,,,,,33.5092926,-112.0562973,anonymous,EN,0.9,Edge,83.0.478.58,Windows NT 10.0,1600x900,3,2,3,3,3,5,1,2,2,2,,3,3,32,,AO6U5FZNBQWQH,3VP0C6EFSGW58QTFX8NFH7FAUD8M6A,341H3G5YF0E7728PJ5SQSO55QGWZ0B
7/24/20 15:14,7/24/20 15:17,0,72.36.35.168,100,124,1,7/24/20 15:17,R_54kUe0T22G6zOJX,,,,,43.77580261,-108.3839035,anonymous,EN,0.9,Chrome,83.0.4103.116,Windows NT 10.0,1920x1080,52,2,5,3,2,4,2,2,2,1,,4,3,82,,A31XUQFSE7CCZX,34QN5IT0TZRV9Q5W1IXF3O4OX5Y080,3V0TR1NRVA2N5IIIQEZTNY49Y764AW
7/24/20 15:17,7/24/20 15:18,0,73.92.133.158,100,72,1,7/24/20 15:18,R_3IRz5gMeVJlMvVq,,,,,37.89379883,-122.530304,anonymous,EN,0.9,Chrome,83.0.4103.116,Macintosh,1440x900,5,1,1,3,2,2,1,2,2,1,,3,2,25,,AJZEXCH1TSUE1,36W0OB37HWEL4MCF8G4DM009IV3HZK,3VQTAXTYN3LR5QHPBYQ7VDM9F2EUB3
7/24/20 15:12,7/24/20 15:18,0,70.251.191.230,100,351,1,7/24/20 15:18,R_dp4BtS8UpDk8GGZ,,,,,30.4420929,-97.6339035,anonymous,EN,,Chrome,84.0.4147.89,Windows NT 10.0,1920x1080,45,2,5,2,3,3,1,1,2,1,,4,3,72,,A2179410P3XBIQ,3WQ3B2KGE8GEIDOL0DLP8VDZA3P1B3,3B9J25CZ25DU0IHR0TR2RWA3CQUCSD
7/24/20 15:17,7/24/20 15:20,0,73.242.131.83,100,163,1,7/24/20 15:20,R_1gCL8mL6nzGfmqb,,,,,35.13490295,-106.6401978,anonymous,EN,0.9,Chrome,83.0.4103.112,CrOS x86_64 13020.82.0,910x512,32,2,4,4,2,2,2,2,2,,1,4,3,60,,AK3D3IW6A2UDE,3BDCF01OGXUNLSL03FHS0LKETICYLL,3V0TR1NRVA2N5IIIQEZTNY49Y764AW
7/24/20 15:21,7/24/20 15:22,0,24.17.146.186,100,74,1,7/24/20 15:22,R_2qqpgShwHTPaM7u,,,,,47.2230072,-122.5361023,anonymous,EN,0.9,Firefox,78,Windows NT 10.0,1920x1080,49,1,2,1,2,2,1,2,2,1,,4,2,69,,A35FP2CRF008TU,308XBLVESI42BIN2Y704EMVCE1KBRA,3VQTAXTYN3LR5QHPBYQ7VDM9F2EUB3
7/24/20 15:22,7/24/20 15:22,0,107.77.192.113,100,16,1,7/24/20 15:22,R_2VqKpSB6cwabShq,,,,,42.4651947,-83.37129974,anonymous,EN,0.9,Chrome iPhone,84.0.4147.71,iPhone,414x736,,,,,,,,,,,,,,,,A2UX69SECA5F5F,3GDTJDAPVUBSC4C3QNKD1LB1080M8Y,3H781YYV6TIACGEKLK2NRP6SZLLETX
7/24/20 15:20,7/24/20 15:22,0,75.110.136.165,100,108,1,7/24/20 15:22,R_0CH5s2Tx5uAU4Zr,,,,,35.09869385,-77.10449982,anonymous,EN,0.9,Chrome,84.0.4147.89,Macintosh,1440x900,34,2,6,3,3,5,2,2,2,2,,3,3,67,,A2Y2ZIFWWTF64J,3X31TUMD7XMQVMAXRQAJMY94MX4L1B,378G7J1SJLY24XIEGP7YE9DR3F3EWN
7/24/20 15:20,7/24/20 15:22,0,146.115.152.252,100,141,1,7/24/20 15:22,R_1rpPI7mb5T5lw9G,,,,,42.30259705,-71.43060303,anonymous,EN,0.9,Chrome,84.0.4147.89,Macintosh,1366x768,22,2,3,3,2,6,1,2,1,,1,4,3,50,,AKZUP3VY594E8,39GXDJN2OTEB2R6C4FL4OHUER1A8VZ,3MJ9GGZYO36D243VM0G5UJ7BETAA26
7/24/20 15:23,7/24/20 15:24,0,24.0.181.176,100,81,1,7/24/20 15:24,R_1NCzG23L98SIo2M,,,,,40.55549622,-74.28549957,anonymous,EN,0.9,Chrome,84.0.4147.89,Windows NT 6.1,1366x768,31,2,3,1,2,6,2,2,2,1,,4,3,59,,A21HKKY734LWFV,3A1COHJ8NJV6KQBSZQ409G35JMY8H8,3P0I4CQYVY7OGOV3A3AUJL757H8WO8
7/24/20 15:22,7/24/20 15:24,0,69.113.223.91,100,152,1,7/24/20 15:24,R_1CC4nUccxxvpolL,,,,,40.74240112,-74.03250122,anonymous,EN,0.9,Chrome,84.0.4147.89,Windows NT 10.0,1920x1080,31,1,4,7,1,6,1,1,2,,1,1,2,58,,A3I5P7QF8N9LPW,3GS6S824SQX9KNTL0RFJSG3NN5DWNN,3YD0MU1NC21KO501SCX0QAOJP9W7AJ
7/24/20 15:24,7/24/20 15:25,0,63.157.152.226,100,55,1,7/24/20 15:25,R_1HpG63YocYwmkt9,,,,,44.94020081,-93.21880341,anonymous,EN,0.9,Firefox,78,Macintosh,1680x1050,35,1,3,3,3,6,2,2,2,,1,2,1,61,,A1K75VLU3943YZ,3VZLGYJEYLAIQCCUDKMZPMO36LRXZY,3CZH926SICEQVVZU6J1FJHU0JM44ER
7/24/20 15:22,7/24/20 15:25,0,172.58.158.160,100,162,1,7/24/20 15:25,R_1Ltb58HAqDEZa9k,,,,,35.2315979,-80.84279633,anonymous,EN,0.9,Chrome,78.0.3904.92,CrOS x86_64 12499.51.0,1366x768,34,2,4,3,2,6,1,2,2,1,,4,3,64,,AKWI425VATYJM,3NG53N1RLVJYX79GI3C5IP5W5DBP8X,3VQTAXTYN3LR5QHPBYQ7VDM9F2EUB3
7/24/20 15:21,7/24/20 15:25,0,174.104.177.205,100,235,1,7/24/20 15:25,R_1eDL6jq6JExd0SX,,,,,41.5052948,-81.55660248,anonymous,EN,0.7,Chrome,84.0.4147.89,Windows NT 10.0,1366x768,33,2,2,3,1,4,1,1,1,,2,1,1,52,,A10NKW3Q1T9IEN,39OWYR0EPKR1L0B4H4EU58FUWMRYFH,3HXCEECSQMT44X4ARD3ZKGZP2TBYZB
7/24/20 15:25,7/24/20 15:26,0,63.157.152.226,100,30,1,7/24/20 15:26,R_2Bsqv6cFoszFoXx,,,,,44.94020081,-93.21880341,anonymous,EN,0.7,Firefox,78,Macintosh,1680x1050,35,1,3,3,3,6,2,2,2,1,,2,1,61,,A1K75VLU3943YZ,3VZLGYJEYLAIQCCUDKMZPMO36LRXZY,3CZH926SICEQVVZU6J1FJHU0JM44ER
7/24/20 15:24,7/24/20 15:26,0,108.207.139.106,100,89,1,7/24/20 15:26,R_3nHKnbyp9eFSCOD,,,,,26.11470032,-80.36720276,anonymous,EN,0.9,Chrome,84.0.4147.89,Windows NT 6.1,1366x768,10,2,4,3,3,6,2,2,2,,1,2,1,38,,A2X64YYEIS2KBS,3SBEHTYCWN3LVRDUICKF85SMCEKIYT,3XAOZ9UYRZRY0ZSGSSDDF0CBQ5I1QN
7/24/20 15:24,7/24/20 15:26,0,173.79.231.235,100,136,1,7/24/20 15:26,R_3lRMiZzuPVh0ssC,,,,,38.67590332,-77.31569672,anonymous,EN,0.9,Firefox,78,Windows NT 6.3,1600x900,48,4,3,7,3,3,2,2,2,1,,4,2,81,,A2JUELKWP5O5FB,3YT88D1N08YBLJ6UTUC1VRBMVHE3KJ,378G7J1SJLY24XIEGP7YE9DR3F3EWN
7/24/20 15:24,7/24/20 15:26,0,172.58.231.49,100,116,1,7/24/20 15:26,R_2us4e30PnKkwliy,,,,,40.83120728,-73.90670013,anonymous,EN,0.9,Edge,84.0.522.40,Windows NT 10.0,1093x615,5,2,5,3,3,5,2,2,2,,1,4,3,37,,A1M9CV85BU3AML,3COPXFW7XBCIS8BHRS988UEN0D6KPC,3M93N4X8HKNH8WNXAL8OE0NY2A2SJ6
7/24/20 15:27,7/24/20 15:28,0,24.218.121.153,100,100,1,7/24/20 15:28,R_23agrGJ9PUh1NGV,,,,,42.17550659,-71.05400085,anonymous,EN,0.9,Chrome,84.0.4147.89,Macintosh,1440x900,22,2,1,2,2,2,2,2,2,,1,4,3,45,,AUDA9E018TB2B,3F6HPJW4JD0DV14SE8HZ0S0PCANW2X,3XDSWAMB22SIN22E8P2XWWV2U29CQO
7/24/20 15:26,7/24/20 15:28,0,68.201.248.151,100,125,1,7/24/20 15:28,R_bd5KwQgpNJbZ26d,,,,,29.38310242,-98.39600372,anonymous,EN,0.9,Chrome,84.0.4147.89,Windows NT 10.0,1366x768,45,1,3,3,1,2,2,2,2,1,,2,1,65,,A330C12AD50RWF,3G5W44VEU7ICFVIIO9JLEL0VZMJKG8,3VJ4PFXFJ37MMGCX5KQB0223XKTUA8
7/24/20 15:29,7/24/20 15:30,0,72.86.40.167,100,45,1,7/24/20 15:30,R_1rPOCu7v08K4gTP,,,,,39.18209839,-77.5358963,anonymous,EN,0.7,Chrome,84.0.4147.89,Windows NT 10.0,1920x1080,48,1,2,3,2,3,2,2,2,,1,4,3,73,,A1M56SWPFNJHDK,3YT88D1N08YBLJ6UTUC1VRBMVHF3KK,32W3UF2EZOLBYXFGASVKTTUXYAR4CY
7/24/20 15:28,7/24/20 15:30,0,174.253.10.132,100,154,1,7/24/20 15:30,R_2viQXCttAmDM0cY,,,,,35.25219727,-80.82630157,anonymous,EN,0.9,Chrome,84.0.4147.89,Linux x86_64,320x658,42,2,2,4,3,6,2,2,2,1,,4,3,73,,AQY3P7G18A43H,3UWN2HHPUY5GD6CCGM5IVR02HSISN5,30EMX9PEVKJCJGTFS680FFNBHZ2SK5
7/24/20 15:29,7/24/20 15:31,0,98.230.219.97,100,130,1,7/24/20 15:31,R_20NZ0xzEf2533LW,,,,,32.32240295,-106.8041,anonymous,EN,0.9,Chrome,75.0.3770.142,Macintosh,1440x900,32,2,4,3,1,6,2,2,2,,1,3,2,60,,A19AGGT81I9VFD,3VSOLARPKB9R4NN3PXLC5IX6KN393W,3VQTAXTYN3LR5QHPBYQ7VDM9F2EUB3
7/24/20 15:30,7/24/20 15:31,0,67.87.1.27,100,65,1,7/24/20 15:31,R_2YtFkJB0I5Gc5l2,,,,,40.89050293,-74.05039978,anonymous,EN,0.9,Chrome,83.0.4103.97,Windows NT 10.0,1536x864,31,2,4,3,2,4,1,1,1,,1,4,3,57,,A3246QU7ZDBXE5,3G0WWMR1UVK40QXZOIGD0RL1Z4YNQC,3CIS7GGG65JPCTT9LPSXWLSUIZSEUO
7/24/20 15:31,7/24/20 15:33,0,73.125.245.208,100,117,1,7/24/20 15:33,R_1msyGI5iDaRRtJF,,,,,26.1374054,-80.16840363,anonymous,EN,0.9,Chrome,84.0.4147.89,Windows NT 10.0,1366x768,10,2,4,"2,4",2,3,1,2,1,,1,4,3,39,,A2690V2RCRINAG,30BXRYBRP4XHAR7AXTK6NW6R1T6WHG,3M93N4X8HKNH8WNXAL8OE0NY2A2SJ6
7/24/20 15:31,7/24/20 15:33,0,73.184.85.149,100,103,1,7/24/20 15:33,R_1JW56aH4Fu41VgC,,,,,33.76570129,-84.29509735,anonymous,EN,0.9,Chrome,84.0.4147.89,Windows NT 6.3,1366x768,11,1,4,3,2,5,2,2,2,1,,4,3,40,,A15H9IXCEYFQON,3J4Q2Z4UTY3UNK6DGJ70WAYSSG2QW6,341H3G5YF0E7728PJ5SQSO55QGWZ0B
7/24/20 15:32,7/24/20 15:33,0,73.23.253.206,100,79,1,7/24/20 15:33,R_1kFZIPgqQenLvDG,,,,,26.53669739,-81.94460297,anonymous,EN,0.9,Chrome,84.0.4147.89,Windows NT 10.0,2048x1152,10,1,6,3,1,3,2,2,2,,1,4,3,38,,A29QB13X43UMR8,35USIKEBNRGBQ8EF992FUM4AZ3MN6F,3H781YYV6TIACGEKLK2NRP6SZLLETX
7/24/20 15:30,7/24/20 15:34,0,68.123.236.89,100,241,1,7/24/20 15:34,R_1rN4LNil8c6qljc,,,,,33.86929321,-117.9295959,anonymous,EN,0.9,Firefox,78,Macintosh,2560x1440,5,1,7,3,2,5,2,2,2,1,,4,3,37,,A3QX5BLSTM9RN9,3YMU66OBIN8LD5HAIOGO1TK375GGH1,3RHLQY6EDT4L3PLUAOQVDZCFJA34DY
7/24/20 15:32,7/24/20 15:34,0,50.83.138.6,100,70,1,7/24/20 15:34,R_22AqHvKR9nsRJ1A,,,,,38.57730103,-92.24430084,anonymous,EN,0.9,Chrome,84.0.4147.89,Windows NT 10.0,1920x1080,26,1,3,3,1,2,2,2,2,,2,1,1,46,,ACOUEGRDJO7B6,39U1BHVTDLRAO2WHN3QTWIYIEU73TR,3RZS0FBRWKAXNQ1Z8CN8WR5SP6NCPX
7/24/20 15:31,7/24/20 15:34,0,69.203.102.39,100,149,1,7/24/20 15:34,R_1kNsDaHmmJrXVc6,,,,,40.70150757,-73.84220123,anonymous,EN,0.9,Chrome,84.0.4147.89,Windows NT 6.1,1920x1080,33,1,2,1,2,5,1,1,1,1,,4,3,55,,A1GBWX1MQ3UVNT,35DR22AR5DKH5J51SDRQLLJORQUX33,341H3G5YF0E7728PJ5SQSO55QGWZ0B
7/24/20 15:33,7/24/20 15:35,0,47.215.174.70,100,67,1,7/24/20 15:35,R_80JCxPuvPetEL6N,,,,,35.2303009,-111.5791016,anonymous,EN,0.9,Chrome,84.0.4147.89,Windows NT 10.0,1920x1080,3,2,4,3,2,6,1,1,1,,1,4,3,31,,A19HYTPC3U2UCX,3X1FV8S5JXRQV6CUNDXSGUBCFKSGVS,32W3UF2EZOLBYXFGASVKTTUXYAR4CY
7/24/20 15:33,7/24/20 15:35,0,47.42.7.146,100,104,1,7/24/20 15:35,R_1C3AlIGPmHDSp6V,,,,,34.69230652,-82.29190063,anonymous,EN,0.9,Chrome,83.0.4103.119,CrOS x86_64 13020.87.0,1366x768,42,1,3,3,1,4,1,1,1,1,,3,3,64,,A2HG6LHD1XE33Y,3G0WWMR1UVK40QXZOIGD0RL1Z4ZQNG,3CZH926SICEQVVZU6J1FJHU0JM44ER
7/24/20 15:35,7/24/20 15:35,0,24.164.39.0,100,32,1,7/24/20 15:35,R_3htHF8v8abw2S3G,,,,,28.0164032,-81.95539856,anonymous,EN,0.9,Chrome,84.0.4147.89,Windows NT 10.0,1536x864,10,1,2,4,2,2,2,2,2,,1,3,2,33,,A2VD64S66EUC9B,3YMTUJH0DSGV6YFLNHVC6NQOSU44TE,378G7J1SJLY24XIEGP7YE9DR3F3EWN
7/24/20 15:34,7/24/20 15:35,0,70.226.23.19,100,105,1,7/24/20 15:35,R_3CPHgBeRWo8TAW5,,,,,26.09899902,-80.18219757,anonymous,EN,0.9,Chrome,84.0.4147.89,Windows NT 10.0,1280x720,10,2,2,3,2,5,1,1,2,,1,4,3,36,,A3FQ6G128XBX2,3HWRJOOET52CJ0ZZNN2Z546T30IES3,3V7ICJJAZAGSOSNAWSZPI9OFGPR4BR
7/24/20 15:32,7/24/20 15:35,0,70.124.127.26,100,193,1,7/24/20 15:35,R_3R7WWeKmg0SkjcG,,,,,27.55690002,-99.49069977,anonymous,EN,0.9,Chrome,84.0.4147.89,Windows NT 10.0,1600x900,45,2,6,2,4,2,1,1,1,1,,4,3,72,,A1XFZWOOLJ1CGL,3OS4RQUCR9F58SIT7C0AXXHTBDCFBM,3YD0MU1NC21KO501SCX0QAOJP9W7AJ
7/24/20 15:34,7/24/20 15:36,0,73.105.33.179,100,70,1,7/24/20 15:36,R_1mrBvFIBFA2pYNb,,,,,29.94749451,-81.52639771,anonymous,EN,0.9,Chrome,83.0.4103.116,Macintosh,2048x1152,10,2,2,3,2,5,1,2,2,2,,2,1,34,,A3LNI4YU992F1A,30X31N5D63Q9TNIN7I0D9LG2ILLSAN,3N2YPY1GI6YPP8I9QF22S7UDW61EVD
7/24/20 15:35,7/24/20 15:37,0,108.239.174.118,100,86,1,7/24/20 15:37,R_BVVR9X2AtoJJjLr,,,,,41.49510193,-81.46569824,anonymous,EN,0.9,Chrome,84.0.4147.89,Windows NT 10.0,1280x720,14,2,3,1,3,5,2,2,2,,2,3,2,41,,A1I8DXIL52SU0,3XUHV3NRVKYNX8SQ1SXXXWTEHW45HA,3V0TR1NRVA2N5IIIQEZTNY49Y764AW
7/24/20 15:36,7/24/20 15:37,0,45.31.141.149,100,93,1,7/24/20 15:37,R_2DOdZe5mXU48VxW,,,,,35.34579468,-82.51380157,anonymous,EN,0.9,Chrome,84.0.4147.89,Windows NT 10.0,1536x864,26,2,2,1,3,5,1,2,2,1,,4,3,52,,AY6EYIDUN6SI1,3HUTX6F6VUN5QSVQNMQPJYN398R2OU,3P0I4CQYVY7OGOV3A3AUJL757H8WO8
7/24/20 15:36,7/24/20 15:38,0,73.61.18.161,100,108,1,7/24/20 15:38,R_bqqxJN4I0CzRqGl,,,,,42.46090698,-71.00740051,anonymous,EN,0.9,Chrome,83.0.4103.106,Linux x86_64,412x846,30,1,2,3,3,6,1,2,2,1,,2,2,55,,A152OI3N7VA7A1,34MAJL3QP4NQ7HHR82PLOAMQYVR34W,3XAOZ9UYRZRY0ZSGSSDDF0CBQ5I1QN
7/24/20 15:37,7/24/20 15:39,0,76.108.234.1,100,106,1,7/24/20 15:39,R_1j9Zvx13iF0rO1x,,,,,26.3480072,-80.14980316,anonymous,EN,0.9,Chrome,84.0.4147.89,Macintosh,1366x768,10,2,7,3,2,5,2,2,2,,1,4,3,43,,A17TQ8BWENVLEH,32Q90QCQ1SLEVHMRIETXEIFJM67EKO,3XAOZ9UYRZRY0ZSGSSDDF0CBQ5I1QN
7/24/20 15:38,7/24/20 15:41,0,68.69.252.172,100,140,1,7/24/20 15:41,R_bqhlLR0OccaFLk5,,,,,46.85240173,-96.81210327,anonymous,EN,0.9,Safari,13.1.1,Macintosh,768x1024,35,1,5,3,1,5,2,2,2,2,,2,1,61,,A1MF8IRLW6YRF7,3YW4XOSQKQLTECXR042KDL5NZO21UQ,3RHLQY6EDT4L3PLUAOQVDZCFJA34DY
7/24/20 15:39,7/24/20 15:42,0,98.177.226.118,100,160,1,7/24/20 15:42,R_3MaMGPgvVPW73db,,,,,33.46560669,-111.9955978,anonymous,EN,0.9,Chrome,84.0.4147.89,Windows NT 10.0,1536x864,3,2,2,3,2,3,1,1,2,1,,4,3,27,,A175HNU77PDNDI,3UXUOQ9OKEXNAPYVJF22EUK6V7A7AH,3XAOZ9UYRZRY0ZSGSSDDF0CBQ5I1QN
7/24/20 15:40,7/24/20 15:43,0,75.108.246.56,100,148,1,7/24/20 15:43,R_339E41P3dDC7RCL,,,,,30.71870422,-97.75330353,anonymous,EN,0.9,Chrome,84.0.4147.89,Windows NT 10.0,1366x768,45,2,4,3,3,2,2,2,2,,1,4,3,73,,A2VAY8MBDZ834I,37M28K1J0QDGUKZXKORZHKPFM2AAJR,3R0WOCG21M9KKNF9PUHDQ3A9INQUDA
7/24/20 15:41,7/24/20 15:43,0,45.36.14.93,100,146,1,7/24/20 15:43,R_tKjSiMV96EwXNDj,,,,,36.1053009,-79.87619781,anonymous,EN,0.9,Firefox,78,Windows NT 10.0,1600x900,34,2,3,3,3,4,2,2,1,1,,4,3,62,,A1T2KMOJ9Y9FZN,3P529IW9KYLHL145YPP4B0DYN7SFLB,32W3UF2EZOLBYXFGASVKTTUXYAR4CY
7/24/20 15:42,7/24/20 15:43,0,47.38.242.75,100,73,1,7/24/20 15:43,R_12wYOMb4jhdIIAq,,,,,33.14520264,-97.06990051,anonymous,EN,0.9,Chrome,84.0.4147.89,Windows NT 10.0,1280x720,45,2,2,7,2,3,1,1,2,,1,4,3,73,,A1UTQKL7XZJ4X3,3M0BCWMB8VW7JE4OX1AA1L3T6G4WB3,3MJ9GGZYO36D243VM0G5UJ7BETAA26
7/24/20 15:41,7/24/20 15:44,0,75.169.36.36,100,176,1,7/24/20 15:44,R_3KOsuCXxrf5ueZu,,,,,40.6486969,-111.9682007,anonymous,EN,0.9,Chrome,84.0.4147.89,Windows NT 6.1,1536x865,46,1,3,3,3,5,1,1,1,1,,3,2,70,,A2AO52H6JDHA83,34S6N1K2ZVJ1ZXVBTFD4ELPB3M5LHF,3XDSWAMB22SIN22E8P2XWWV2U29CQO
7/24/20 15:46,7/24/20 15:48,0,75.54.119.249,100,102,1,7/24/20 15:48,R_3MG41btNedtCylB,,,,,33.95550537,-118.2863007,anonymous,EN,0.9,Edge,18.18362,Windows NT 10.0,1138x853,5,2,2,4,2,2,2,2,2,,1,3,3,30,,A7A8ORE7ZMYSI,3PJUZCGDJ6GD5KT91EG8WZ5H09Z89R,33N1S8XHHML7ERT7FOWQ6TOFV82Z1E
7/24/20 15:46,7/24/20 15:48,0,98.1.67.55,100,117,1,7/24/20 15:48,R_2aQaoP9zBLSogHl,,,,,43.09300232,-78.96350098,anonymous,EN,0.9,Edge,84.0.522.40,Windows NT 10.0,1366x768,33,1,5,3,3,3,2,2,2,,1,2,2,59,,A2GE2Z3GVODLOC,3S3AMIZX3U5RKDW3U61FKHKQHLZDCJ,3N2YPY1GI6YPP8I9QF22S7UDW61EVD
7/24/20 15:48,7/24/20 15:49,0,45.50.164.95,100,40,1,7/24/20 15:49,R_3LaIrze8QDaMSZn,,,,,34.04469299,-118.4487,anonymous,EN,0.9,Firefox,78,Macintosh,1440x900,5,2,2,1,2,5,1,2,2,,1,4,3,30,,A3I59X3NKUWB01,3FTF2T8WLRIOVLPRZHWEAF83IG29W7,3P0I4CQYVY7OGOV3A3AUJL757H8WO8
7/24/20 15:47,7/24/20 15:49,0,97.102.137.184,100,136,1,7/24/20 15:49,R_T0eaGOAtui1PwQx,,,,,29.15660095,-81.02680206,anonymous,EN,0.9,Edge,84.0.522.44,Windows NT 10.0,1366x768,10,1,6,3,3,2,2,2,2,1,,4,3,39,,AM7KUJM4MQOBM,36WLNQG78ZAD2EIXC1G4FFWTZC0BE3,3XAOZ9UYRZRY0ZSGSSDDF0CBQ5I1QN
7/24/20 15:48,7/24/20 15:50,0,104.175.56.77,100,100,1,7/24/20 15:50,R_2meMOe4ZTWadWlX,,,,,34.06140137,-118.3072052,anonymous,EN,0.9,Chrome,83.0.4103.116,Macintosh,1920x1080,5,1,3,3,1,6,2,2,2,1,,2,2,30,,A2U5CZUVJXNPN3,3H0W84IWBK20ILZM8Y2UFU1XHY3REW,3V0TR1NRVA2N5IIIQEZTNY49Y764AW
7/24/20 15:48,7/24/20 15:50,0,173.172.1.47,100,153,1,7/24/20 15:50,R_RQsrr0ztE0aMN8t,,,,,33.13710022,-96.74880219,anonymous,EN,0.9,Chrome,84.0.4147.89,Windows NT 10.0,1600x900,8,2,5,3,4,2,1,2,2,1,,3,3,36,,AONDUYZJLKBFB,3VAR3R6G1P1GC7XF33ZQTP06V8LO8L,33N1S8XHHML7ERT7FOWQ6TOFV82Z1E
7/24/20 15:48,7/24/20 15:50,8,75.54.119.249,100,118,1,7/24/20 15:50,R_22P1b7rLnb5b0UG,,,,,33.95550537,-118.2863007,anonymous,EN,0.7,Edge,18.18362,Windows NT 10.0,1138x853,5,2,2,4,2,2,2,2,2,,1,3,3,30,,A7A8ORE7ZMYSI,3PJUZCGDJ6GD5KT91EG8WZ5H09Z89R,33N1S8XHHML7ERT7FOWQ6TOFV82Z1E
7/24/20 15:51,7/24/20 15:52,0,76.176.92.91,100,58,1,7/24/20 15:52,R_2uHtdiRoUgZAkhh,,,,,32.96609497,-117.1202011,anonymous,EN,0.9,Chrome,84.0.4147.89,Windows NT 10.0,1536x864,5,1,2,3,1,5,2,1,2,2,,3,2,29,,A2KG64TREAJML3,3WMOAN2SRBXW5YTGAHAN6EK9GWHVNI,3YKP7CX6G2FP7F5TYQXWLL8P7RH7BE
7/24/20 15:52,7/24/20 15:53,0,73.36.160.234,100,81,1,7/24/20 15:53,R_1qfiuNCdRWJz8fA,,,,,41.80180359,-87.59929657,anonymous,EN,0.9,Chrome,84.0.4147.89,Windows NT 10.0,1536x864,14,2,3,3,2,5,1,2,2,,1,4,3,42,,A1MINIO3G05GI0,3YDGXNSEOZUC8ENXKJKHFRU1EHM84W,3YD0MU1NC21KO501SCX0QAOJP9W7AJ
7/24/20 15:53,7/24/20 15:55,0,73.211.192.170,100,113,1,7/24/20 15:55,R_2CiZFrwjJ7qW78N,,,,,42.36669922,-88.09249878,anonymous,EN,0.9,Chrome,83.0.4103.119,CrOS x86_64 13020.87.0,1366x768,33,2,2,3,1,5,1,1,1,,2,2,1,54,,A1V8UWHNV0BT5,32Q90QCQ1SLEVHMRIETXEIFJM6AEKR,3B9J25CZ25DU0IHR0TR2RWA3CQUCSD
7/24/20 15:54,7/24/20 15:56,0,67.241.211.109,100,123,1,7/24/20 15:56,R_3JmfMBIuxhY44FC,,,,,44.82269287,-68.80010223,anonymous,EN,0.9,Chrome,84.0.4147.89,Windows NT 10.0,1536x864,20,2,3,3,1,4,2,2,2,1,,4,3,47,,A3W3643Y74RLZR,3N8OEVH1FRQJXZKVAKOMQBQ6ADQOOP,32FESTC2NHQAFV9VPYM26XSRXNEUCA
7/24/20 15:55,7/24/20 15:56,0,173.175.161.18,100,89,1,7/24/20 15:56,R_1OJZDDY2Ov9ICN2,,,,,31.77749634,-106.490303,anonymous,EN,0.9,Chrome,84.0.4147.89,Windows NT 10.0,1366x768,45,1,2,1,1,6,2,2,2,,1,4,2,69,,A329H2QE9OF5NA,3NAPMVF0ZWFY5M3R609N8C18JJL278,3YKP7CX6G2FP7F5TYQXWLL8P7RH7BE
7/24/20 15:56,7/24/20 15:58,0,173.168.225.190,100,84,1,7/24/20 15:58,R_5anluruGsjPOmo9,,,,,27.91619873,-82.72989655,anonymous,EN,0.9,Chrome,84.0.4147.89,Windows NT 6.1,1280x1024,10,1,5,3,1,5,2,2,2,1,,3,3,38,,A3HCS5KNH5A7KQ,32N49TQG3GIPLFZR1D5IK809HPJVAZ,33N1S8XHHML7ERT7FOWQ6TOFV82Z1E
7/24/20 15:57,7/24/20 15:59,0,108.85.71.27,100,103,1,7/24/20 15:59,R_1f3YC40hnqD0ZfF,,,,,26.26809692,-80.209198,anonymous,EN,0.9,Chrome,84.0.4147.89,Windows NT 10.0,1366x768,10,2,2,3,2,5,1,2,2,,1,4,3,37,,A3E2ZOOQPLPBM,3HOSI13XHZO1P52HU2WQ4N282LDDDL,3V7ICJJAZAGSOSNAWSZPI9OFGPR4BR
7/24/20 15:57,7/24/20 15:59,0,68.186.188.190,100,107,1,7/24/20 15:59,R_1ltrLD6IGzwNi4c,,,,,33.63310242,-86.59870148,anonymous,EN,0.9,Chrome,84.0.4147.89,Windows NT 10.0,1920x1080,1,1,4,3,3,7,1,2,2,1,,3,2,30,,A3PL5HNUAYPQXS,3K2755HG5S3YNPGDL8RGSN5TEYTDFW,3V0TR1NRVA2N5IIIQEZTNY49Y76A42
7/24/20 15:57,7/24/20 15:59,0,69.59.65.185,100,127,1,7/24/20 15:59,R_2ZTuUckambjhRSZ,,,,,48.30419922,-116.5247955,anonymous,EN,0.9,Chrome,83.0.4103.116,Windows NT 10.0,1680x1050,13,1,4,3,1,5,2,2,2,,1,1,1,36,,A27SRSSZ8JXUHM,3PJ71Z61R42VUK9O2T7THPI9M3V192,3VJ4PFXFJ37MMGCX5KQB0223XKTUA8
7/24/20 15:58,7/24/20 15:59,0,104.152.233.148,100,64,1,7/24/20 15:59,R_We42yxkffalUOxr,,,,,34.01210022,-117.6883011,anonymous,EN,0.9,Chrome,84.0.4147.89,Windows NT 10.0,1920x1080,5,2,2,3,1,5,1,2,2,1,,1,1,26,,AGMV42NHFW0V3,3LEP4MGT3G08A84XG65K9XE8Z01BDC,3R0WOCG21M9KKNF9PUHDQ3A9INQUDA
7/24/20 15:57,7/24/20 16:00,0,72.24.89.191,100,163,1,7/24/20 16:00,R_2ampVkL7uTaM3Cq,,,,,33.64649963,-96.61319733,anonymous,EN,0.9,Chrome,83.0.4103.116,Windows NT 10.0,1920x1080,45,2,5,3,1,6,2,2,2,1,,2,2,73,,A2G4O61TYSWYS9,3QXNC7EIPIVVNVO66A3T3KZZHBO906,3RWO3EJELH9D0NR1SFYOFVM1L9W1PW
7/24/20 15:57,7/24/20 16:01,0,73.177.35.106,100,218,1,7/24/20 16:01,R_31Y5tkvoZtIRqgm,,,,,35.22129822,-89.94129944,anonymous,EN,0.9,Chrome,84.0.4147.89,Windows NT 6.3,1024x768,44,1,4,3,1,5,2,2,2,,1,4,3,72,,A11Q6NYTOG82MU,345LHZDEDXSPOFB6N8G31EKKX8J3UN,3V0TR1NRVA2N5IIIQEZTNY49Y76A42
7/24/20 16:00,7/24/20 16:01,0,71.233.176.40,100,74,1,7/24/20 16:01,R_3PTrhqqENJ15w6u,,,,,42.43370056,-71.45680237,anonymous,EN,0.9,Chrome,83.0.4103.106,Macintosh,1440x900,22,2,3,3,2,6,2,2,2,,1,3,3,51,,A17ZZXYME0T5ZQ,3KMS4QQVK2Q61VMNDPD3W00JY7QFKB,3RDTX9JRTY16JMQW06J0UFDZJRE794
7/24/20 15:57,7/24/20 16:03,0,70.250.74.160,100,351,1,7/24/20 16:03,R_1EWgrC2djazYg8X,,,,,34.10780334,-84.50260162,anonymous,EN,0.9,Safari,13.1.1,Macintosh,810x1080,11,2,3,2,2,3,2,2,2,1,,4,3,37,,A2JJHHH93OB9EK,3C6FJU71TQTQ4I8UCT9TR8GX69DYUN,32W3UF2EZOLBYXFGASVKTTUXYAR4CY
7/24/20 16:04,7/24/20 16:05,0,108.211.9.48,100,80,1,7/24/20 16:05,R_1P5cT8BlJD2RTmP,,,,,38.26899719,-85.49340057,anonymous,EN,0.9,Chrome,83.0.4103.116,Macintosh,1440x900,18,1,3,3,1,5,1,1,2,,1,4,2,42,,A1I128UDB3LUK3,3OXV7EAXLEQ4M4L5RQI0L864UM263P,3RHLQY6EDT4L3PLUAOQVDZCFJA34DY
7/24/20 16:03,7/24/20 16:05,0,104.1.229.144,100,99,1,7/24/20 16:05,R_2QtAkjn2tNJJhKu,,,,,36.3401947,-79.66220093,anonymous,EN,0.9,Chrome,84.0.4147.89,Windows NT 6.3,1366x768,34,1,3,3,3,3,2,2,2,1,,2,1,57,,A3S3VM98BI0DNN,3Z4XG4ZF48R36GB74UMMC2RZ7CT8XD,3XAOZ9UYRZRY0ZSGSSDDF0CBQ5I1QN
7/24/20 16:02,7/24/20 16:05,0,104.49.255.115,100,180,1,7/24/20 16:05,R_12tHpfYKLUOSIyQ,,,,,26.14810181,-80.20880127,anonymous,EN,0.9,Chrome,84.0.4147.89,Windows NT 10.0,1920x1080,10,1,7,3,2,4,2,2,2,1,,4,3,41,,A3U4MAPO0W65KH,358UUM7WRZ3F96KCLQOO9K9GVB27RT,3V7ICJJAZAGSOSNAWSZPI9OFGPR4BR
7/24/20 16:05,7/24/20 16:06,0,107.5.181.2,100,90,1,7/24/20 16:06,R_pxR1d22oEDAJeGl,,,,,42.95849609,-85.478302,anonymous,EN,0.9,Chrome,84.0.4147.89,Windows NT 10.0,1366x768,23,1,4,3,3,2,1,2,2,,1,3,1,46,,A283DEFZEQ6GQ7,386PBUZZXFXXQ3Q1HFGPQY5QGEDLJO,3N2YPY1GI6YPP8I9QF22S7UDW61EVD
7/24/20 16:05,7/24/20 16:06,0,75.90.88.225,100,83,1,7/24/20 16:06,R_2PoORop2uEAqyax,,,,,29.64300537,-95.64430237,anonymous,EN,0.9,Chrome,84.0.4147.89,Windows NT 10.0,1536x864,45,1,2,2,4,5,1,1,2,,1,3,3,70,,A23XXEC1WXE4JU,3ATTHHXXWAOWVMNKDGYDPRLDA8YIXV,3XDSWAMB22SIN22E8P2XWWV2U29CQO
7/24/20 16:06,7/24/20 16:07,0,75.130.201.254,100,46,1,7/24/20 16:07,R_2eQ1tku8lw8tWoi,,,,,35.59469604,-82.55449677,anonymous,EN,0.9,Chrome,84.0.4147.89,Windows NT 10.0,1920x1080,34,2,4,3,2,6,2,2,2,,1,4,3,65,,A2MX5HD70QC681,3O6CYIULED1MFDDUXSR56BVHV1FWUO,3VJ4PFXFJ37MMGCX5KQB0223XKTUA8
7/24/20 16:06,7/24/20 16:07,0,67.184.192.206,100,85,1,7/24/20 16:07,R_2wzNFnR1lGkvmXE,,,,,42.39549255,-88.167099,anonymous,EN,0.9,Chrome,84.0.4147.89,Windows NT 10.0,1920x1080,14,2,3,3,2,5,2,2,2,1,,3,3,42,,A2OVQHBCQAME3B,3Y54SXRO1LLUNW902NMUJROIR7XTUV,3XAOZ9UYRZRY0ZSGSSDDF0CBQ5I1QN
7/24/20 16:08,7/24/20 16:09,0,47.218.253.239,100,58,1,7/24/20 16:09,R_2uKb4ZA992mSe01,,,,,30.54780579,-96.27149963,anonymous,EN,0.9,Chrome,83.0.4103.119,CrOS x86_64 13020.87.0,1366x768,45,2,2,2,2,5,2,2,2,2,,4,3,73,,A2YL0CS9EKHLCN,3NJM2BJS4W609AZTZFSAKB1FV41CPV,3RHLQY6EDT4L3PLUAOQVDZCFJA34DY
7/24/20 16:08,7/24/20 16:10,0,198.179.137.215,100,83,1,7/24/20 16:10,R_24dV3j5yj5VWFOr,,,,,37.75100708,-97.8219986,anonymous,EN,0.9,Chrome,84.0.4147.89,Windows NT 10.0,1280x720,36,1,3,3,2,8,2,2,2,,1,4,3,67,,A3EIBCT546LELK,3EA3QWIZ4IVPE5E086XG0O07XCATIN,3V0TR1NRVA2N5IIIQEZTNY49Y76A42
7/24/20 16:08,7/24/20 16:10,0,50.33.35.240,100,140,1,7/24/20 16:10,R_0PWXD7cqqjPxN5L,,,,,45.38560486,-92.84860229,anonymous,EN,0.9,Firefox,78,Windows NT 10.0,1920x1080,24,1,1,3,3,2,2,2,2,2,,2,2,46,,A3UNSU3GW8P689,34Z02EIMISDE7AXK4G8AUK0BBITT0S,33N1S8XHHML7ERT7FOWQ6TOFV82Z1E
7/24/20 16:10,7/24/20 16:11,0,155.186.48.126,100,58,1,7/24/20 16:11,R_3nwQ7c7Ywm53Y4W,,,,,38.68310547,-89.98419952,anonymous,EN,0.9,Safari,13.1.1,Macintosh,1440x900,26,1,2,3,1,3,2,2,2,,2,3,3,50,,A134N11F0UGP1O,3GLB5JMZFXV41PC8WSXYA855FDVDGX,3MJ9GGZYO36D243VM0G5UJ7BETAA26
7/24/20 16:08,7/24/20 16:11,0,68.9.152.207,100,149,1,7/24/20 16:11,R_3kntUHcW09acrQY,,,,,41.87399292,-71.38439941,anonymous,EN,0.9,Chrome,83.0.4103.97,Macintosh,1440x900,41,2,2,2,2,3,2,2,2,1,,3,3,65,,AFV49TMPHQ5FD,3S4AW7T80BI7NL7GE8TLKWG7YHNL4X,3YD0MU1NC21KO501SCX0QAOJP9W7AJ
7/24/20 16:12,7/24/20 16:13,0,67.149.93.49,100,72,1,7/24/20 16:13,R_qReeKI86MkYp8Zj,,,,,42.49330139,-83.13500214,anonymous,EN,0.9,Safari,13.1.2,Macintosh,1440x900,23,1,4,3,3,5,2,2,2,,1,4,3,53,,A1UCAZAI03GKS5,3907X2AHF05NBS7R2M348YSTJDTP24,3CIS7GGG65JPCTT9LPSXWLSUIZSEUO
7/24/20 16:12,7/24/20 16:14,0,169.231.122.166,100,127,1,7/24/20 16:14,R_vxz7PZwka3oVail,,,,,34.42649841,-119.8630981,anonymous,EN,0.9,Chrome,83.0.4103.119,CrOS x86_64 13020.87.0,1366x768,5,1,2,3,3,5,1,2,2,1,,4,2,31,,A2G7F8S617H0BB,3EWIJTFFVO7CIRFNELJFVY0A887E0O,3V7ICJJAZAGSOSNAWSZPI9OFGPR4BR
7/24/20 16:13,7/24/20 16:14,0,157.131.115.151,100,68,1,7/24/20 16:14,R_2CB9rD9t57xCaVT,,,,,37.75619507,-122.4866028,anonymous,EN,0.9,Firefox,68,Windows NT 10.0,1920x1080,5,1,2,1,2,3,2,2,2,1,,4,3,28,,AUVWQ8YDHY3MX,3VD82FOHKQOIOANSKFFVVBWPLZACOJ,3HXCEECSQMT44X4ARD3ZKGZP2TBYZB
7/24/20 16:14,7/24/20 16:17,0,24.35.119.24,100,151,1,7/24/20 16:17,R_2w5JdiGEHGGwuvK,,,,,40.08180237,-82.96649933,anonymous,EN,0.9,Chrome,84.0.4147.89,Windows NT 10.0,1366x768,36,1,2,2,2,3,1,1,1,,2,4,3,58,,A5CIHEPULDFUF,3I2PTA7R3TU3SKCWR5OX8Z4X591KQC,3RZS0FBRWKAXNQ1Z8CN8WR5SP6NCPX
7/24/20 16:14,7/24/20 16:17,0,47.35.225.119,100,183,1,7/24/20 16:17,R_2Bg7esDb8Gmuszx,,,,,34.3914032,-77.65969849,anonymous,EN,0.9,Safari,13.1.1,Macintosh,810x1080,34,2,4,2,2,5,1,2,2,,1,4,3,62,,A1D34LZYVB15J8,3S06PH7KSR47XAM5E9CV3L1ZDOCD1X,3YKP7CX6G2FP7F5TYQXWLL8P7RH7BE
7/24/20 16:16,7/24/20 16:19,0,73.76.213.69,100,143,1,7/24/20 16:19,R_5nUVVkQ0RIOrDs5,,,,,29.54220581,-95.32119751,anonymous,EN,0.9,Safari,13.1.2,Macintosh,1440x900,45,2,2,2,3,5,1,1,1,1,,4,3,70,,ANV3ZKKIO6IF6,369J354OFDA5GGXTM5PK42VDYR9G69,341H3G5YF0E7728PJ5SQSO55QGWZ0B
7/24/20 16:18,7/24/20 16:19,0,142.190.36.237,100,51,1,7/24/20 16:19,R_3CW1eL0ajWAsDjF,,,,,30.37950134,-91.167099,anonymous,EN,0.9,Chrome,84.0.4147.89,Windows NT 10.0,1920x1080,19,1,2,3,3,3,1,2,2,1,,3,3,43,,AZ8M2IUWCRXUC,3GD6L00D3SXA14SIR2BYMBOTM25M1P,3RWO3EJELH9D0NR1SFYOFVM1L9W1PW
7/24/20 16:17,7/24/20 16:19,0,173.168.222.118,100,117,1,7/24/20 16:19,R_2TL9NOGVkEQ9INF,,,,,27.95899963,-82.4937973,anonymous,EN,0.9,Chrome,84.0.4147.89,Macintosh,1920x1080,10,1,5,3,3,5,2,2,2,1,,2,2,38,,A3OAXRZT3MVJML,3PJ71Z61R42VUK9O2T7THPI9M3Y195,32W3UF2EZOLBYXFGASVKTTUXYAR4CY
7/24/20 16:18,7/24/20 16:20,0,75.68.62.106,100,119,1,7/24/20 16:20,R_3JmvxLuM3ON4KGc,,,,,42.8276062,-71.65950012,anonymous,EN,0.9,Chrome,84.0.4147.89,Windows NT 6.3,1366x768,30,2,3,"3,5",3,5,1,2,2,,1,2,2,61,,A2UDKHTHITU4PT,3OS46CRSLFZOYDNOB0O643YNL6X6VO,378G7J1SJLY24XIEGP7YE9DR3F3EWN
7/24/20 16:18,7/24/20 16:20,0,35.132.251.171,100,101,1,7/24/20 16:20,R_pE3mGMFmqYZSg8x,,,,,35.85850525,-84.12059784,anonymous,EN,0.9,Chrome,84.0.4147.89,Windows NT 10.0,1920x1080,34,1,4,3,3,4,2,2,2,2,,2,2,61,,A2UYW04FGRX78S,3ON104KXQKWNYFJFIM0NT7XNWOT4WB,3P0I4CQYVY7OGOV3A3AUJL757H8WO8
7/24/20 16:18,7/24/20 16:20,0,67.87.200.38,100,154,1,7/24/20 16:20,R_usnyevXsDFZrTVL,,,,,40.92089844,-72.34909821,anonymous,EN,0.9,Safari,13.1.2,Macintosh,1440x900,33,2,2,3,2,2,2,2,2,,1,4,3,58,,ABN102C3INHDF,3QBD8R3Z21JFT6ADR09DCDK1TMU4OZ,32FESTC2NHQAFV9VPYM26XSRXNEUCA
7/24/20 16:21,7/24/20 16:22,0,68.198.82.153,100,55,1,7/24/20 16:22,R_1Ln89Lwp1kM3d3O,,,,,40.72790527,-73.51180267,anonymous,EN,0.9,Chrome,84.0.4147.89,Windows NT 6.3,1440x810,33,1,3,3,2,5,1,1,2,,1,3,3,58,,A1ARY2P1UWNNRD,3L2IS5HSFAIWSJ4G5R0IASIQ2PDUNX,3XDSWAMB22SIN22E8P2XWWV2U29CQO
7/24/20 16:22,7/24/20 16:24,0,135.180.104.49,100,95,1,7/24/20 16:24,R_2xDaIjZPMGtyW7h,,,,,37.72009277,-122.4413986,anonymous,EN,0.9,Chrome,84.0.4147.89,Windows NT 10.0,2560x1440,5,1,3,1,2,5,1,2,2,1,,4,3,30,,A2NO5OG22QRKBF,3RU7GD8VPOTGGROPW1IAZG5XH7TSPB,3H781YYV6TIACGEKLK2NRP6SZLLETX
7/24/20 16:25,7/24/20 16:26,0,47.234.196.42,100,93,1,7/24/20 16:26,R_85M6tp9VWywfqUN,,,,,39.61239624,-104.8804016,anonymous,EN,0.9,Chrome,81.0.4044.138,Macintosh,1280x800,45,2,5,2,2,6,2,2,2,,1,4,3,76,,A3RCTCNXCXTNRV,3WR9XG3T63B880IEAESB1RY63XL74D,3B9J25CZ25DU0IHR0TR2RWA3CQUCSD
7/24/20 16:25,7/24/20 16:26,0,70.119.134.48,100,70,1,7/24/20 16:26,R_3KqFlwp6H988vj7,,,,,33.02859497,-96.87359619,anonymous,EN,0.9,Chrome,84.0.4147.89,Windows NT 10.0,1920x1080,45,1,2,"3,4",2,3,1,1,2,,1,4,3,72,,AN2N0S58QKIEH,3LUY3GC63Z0UXT4X8YKZ4P91UTH7P4,3B9J25CZ25DU0IHR0TR2RWA3CQUCSD
7/24/20 16:27,7/24/20 16:28,0,73.86.134.70,100,64,1,7/24/20 16:28,R_3mjGo1NR71Yc90M,,,,,39.28909302,-76.5582962,anonymous,EN,0.9,Firefox,78,Macintosh,1440x900,3,1,3,"1,3",1,3,2,2,2,2,,1,1,25,,A27AQ2CYRW53BK,3NKQQ8O39Y5N67D3GXMFEN6WOLCUDG,3RHLQY6EDT4L3PLUAOQVDZCFJA34DY
7/24/20 16:27,7/24/20 16:29,0,142.197.9.227,100,131,1,7/24/20 16:29,R_2OIluvAQBPJzdg7,,,,,28.39390564,-81.42160034,anonymous,EN,0.9,Chrome,84.0.4147.89,Windows NT 10.0,1366x768,10,2,4,2,3,4,1,2,2,,1,4,3,38,,A3SETW6ELRDABV,3RXPCZQMQPBA9UWWGZD3964WQGUG1C,3CIS7GGG65JPCTT9LPSXWLSUIZSEUO
7/24/20 16:27,7/24/20 16:29,0,24.224.86.80,100,112,1,7/24/20 16:29,R_PRIe6NErXvFb9E5,,,,,35.47399902,-80.87290192,anonymous,EN,0.9,Chrome,84.0.4147.89,Macintosh,1920x1080,34,2,5,3,2,6,1,2,2,1,,4,3,65,,A39A3I18OG0XLI,3V26SBZTBDE7V7C9E2AKM74EEL1ZZ9,3B9J25CZ25DU0IHR0TR2RWA3CQUCSD
7/24/20 16:27,7/24/20 16:30,0,23.114.232.88,100,185,1,7/24/20 16:30,R_1gIQi5ytXSzWhPJ,,,,,30.00349426,-90.06069946,anonymous,EN,0.9,Chrome,84.0.4147.89,Windows NT 10.0,1440x900,33,1,3,1,2,6,1,1,2,1,,3,2,56,,A1H2UHJ78F185L,3SEPORI8WNZ6UZ412AUL5ED550RAZG,3MJ9GGZYO36D243VM0G5UJ7BETAA26
7/24/20 16:31,7/24/20 16:32,0,100.8.64.69,100,10,1,7/24/20 16:32,R_2uX8HJoadsUPt8H,,,,,40.65750122,-74.30940247,anonymous,EN,0.9,Chrome,84.0.4147.89,Android 10,412x869,,,,,,,,,,,,,,,,A33XXH6Q66EH34,3B1NLC6UGZWDQMFY11OTA2MUTW1GPH,3HXCEECSQMT44X4ARD3ZKGZP2TBYZB
7/24/20 16:29,7/24/20 16:32,0,174.30.89.214,100,138,1,7/24/20 16:32,R_3HUoX15Om4dUKdw,,,,,38.57730103,-92.24430084,anonymous,EN,0.9,Chrome,84.0.4147.89,Windows NT 10.0,1920x1080,26,1,2,3,2,5,2,2,2,,1,3,3,52,,A23VWLX98JNB0Z,3JMSRU9HQIUSBSG3HI74GRQ024LEVH,3VQTAXTYN3LR5QHPBYQ7VDM9F2EUB3
7/24/20 16:31,7/24/20 16:33,0,73.222.12.129,100,123,1,7/24/20 16:33,R_3JDA0j7WjW6yQkq,,,,,37.84869385,-122.2209015,anonymous,EN,0.9,Chrome,84.0.4147.89,Windows NT 10.0,1600x900,5,2,5,1,4,5,2,2,2,,2,2,2,34,,A3H2U99J1MU7VF,39GHHAVOMFR1SVJGBNH84H3FUSM4JI,32W3UF2EZOLBYXFGASVKTTUXYAR4CY
7/24/20 16:32,7/24/20 16:34,0,68.11.206.160,100,142,1,7/24/20 16:34,R_3hlQG2HBCAJ8S6S,,,,,30.45880127,-91.05809784,anonymous,EN,0.9,Chrome,83.0.4103.116,Macintosh,1440x900,19,2,3,2,2,5,2,2,2,2,,4,3,48,,AU2KMA8IRQ54I,3GDTJDAPVUBSC4C3QNKD1LB108DM8B,32W3UF2EZOLBYXFGASVKTTUXYAR4CY
7/24/20 16:31,7/24/20 16:37,0,108.176.110.114,100,358,1,7/24/20 16:37,R_1Do5FNFYT2SeLhL,,,,,43.17019653,-77.69229889,anonymous,EN,0.9,Chrome,84.0.4147.89,Windows NT 10.0,1280x720,22,2,2,1,2,3,1,2,2,,1,4,3,45,,A3UJBYYZF8C2O9,33SA9F9TRXU5QHG87SC02T9E9DOWEA,3YD0MU1NC21KO501SCX0QAOJP9W7AJ
7/24/20 16:37,7/24/20 16:39,0,98.207.97.74,100,99,1,7/24/20 16:39,R_28CkJBs9VUwnVzA,,,,,37.79580688,-122.4203033,anonymous,EN,0.9,Chrome,83.0.4103.116,Macintosh,1920x1080,5,1,3,1,2,5,2,2,2,1,,4,3,31,,ABQ3FHMVGB07Q,3EO896NRAWVL9GY6QOIGCPF7AR3TJ3,32FESTC2NHQAFV9VPYM26XSRXNEUCA
7/24/20 16:37,7/24/20 16:39,0,76.88.114.178,100,120,1,7/24/20 16:39,R_1js1c2GvUAvFd2O,,,,,33.02870178,-117.0845947,anonymous,EN,0.9,Chrome,84.0.4147.89,Windows NT 10.0,1216x811,5,2,4,1,3,5,2,2,2,,1,4,3,34,,A112Q631264BG2,3KIBXJ1WD5U078ZGCSWTJU9XQ8MOKB,3RWO3EJELH9D0NR1SFYOFVM1L9W1PW
7/24/20 16:37,7/24/20 16:39,0,38.147.33.45,100,142,1,7/24/20 16:39,R_21G3APRGpHNnI39,,,,,34.22399902,-82.16249847,anonymous,EN,0.9,Chrome,84.0.4147.89,Windows NT 10.0,1366x768,42,2,6,3,1,6,2,2,2,,1,4,2,73,,A1REJE4H1KLBXY,3TE3O8573088N5N6FE7TDTS8KVL2RD,32FESTC2NHQAFV9VPYM26XSRXNEUCA
7/24/20 16:36,7/24/20 16:39,0,45.23.136.32,100,172,1,7/24/20 16:39,R_9nMWuoXw1kr8VCF,,,,,37.36979675,-121.8160019,anonymous,EN,0.9,Chrome,76.0.3809.136,CrOS x86_64 12239.92.0,1366x768,5,1,4,1,3,3,2,2,2,2,,4,2,31,,A1HQ92QSZNLRCO,3O6CYIULED1MFDDUXSR56BVHV1JUWQ,3HXCEECSQMT44X4ARD3ZKGZP2TBYZB
7/24/20 16:40,7/24/20 16:41,0,76.169.82.9,100,75,1,7/24/20 16:41,R_2rSB2vfvOcpHbVy,,,,,34.11000061,-118.2606964,anonymous,EN,0.9,Chrome,83.0.4103.119,CrOS x86_64 13020.87.0,1200x800,5,2,5,3,2,6,2,2,2,,1,4,3,37,,A1PTLNX0AMTR9A,326O153BMIY6HBGHQX7AA5KT2XKEDL,3XDSWAMB22SIN22E8P2XWWV2U29CQO
7/24/20 16:39,7/24/20 16:41,0,73.2.61.133,100,123,1,7/24/20 16:41,R_10w19pK0Mz2Pj2C,,,,,38.55690002,-121.3627014,anonymous,EN,0.9,Chrome,84.0.4147.89,Windows NT 10.0,2560x1440,5,2,3,3,3,3,2,2,2,1,,3,3,32,,AALRU82JX3XCH,3DL65MZB8DFWCJA3Q1CZQZ2BHX8CEJ,3MJ9GGZYO36D243VM0G5UJ7BETAA26
7/24/20 16:41,7/24/20 16:42,0,24.128.254.153,100,89,1,7/24/20 16:42,R_rpQnp0s3KexPzOh,,,,,42.73669434,-84.47579956,anonymous,EN,0.9,Safari,13.1.1,Macintosh,1440x900,23,2,2,1,2,5,2,2,1,1,,3,3,47,,A3MVLPNAYZTNGW,3TUI152ZZBN1MJQAJVIF3K8YW351QU,3CIS7GGG65JPCTT9LPSXWLSUIZSEUO
7/24/20 17:21,7/24/20 17:22,0,162.233.201.49,100,64,1,7/24/20 17:22,R_2rVKJSPbf0dOYxZ,,,,,37.86109924,-122.2564011,anonymous,EN,0.9,Chrome,84.0.4147.89,Macintosh,1920x1080,4,2,3,1,2,5,1,2,2,1,,2,1,26,,AW5TAYC4J72DS,3SNVL38CI4SZYJ2DMNN2OUFG1VDCKE,37J05LC5AXJB674FDVDZJ11Y17WDJ1
7/24/20 17:21,7/24/20 17:23,0,72.224.40.203,100,123,1,7/24/20 17:23,R_23eLPp1cKpaZsfu,,,,,42.64579773,-73.95249939,anonymous,EN,0.9,Chrome,84.0.4147.89,Macintosh,1280x800,33,2,2,3,2,5,1,1,2,,1,3,2,57,,A1DSWRPKTVNHHP,32VNZTT0A74IQJ2TJSQH68P64AQ4RM,38B7Q9C28G5NFMCRHWE8O1D3OGX96A
7/24/20 17:22,7/24/20 17:24,0,76.117.133.142,100,103,1,7/24/20 17:24,R_vxhNex5iWlVDfB7,,,,,40.71820068,-74.04759979,anonymous,EN,0.9,Chrome,83.0.4103.116,Windows NT 10.0,1536x864,31,1,4,2,2,4,2,2,2,,1,3,2,56,,A29RK5OSW45KD3,3A1COHJ8NJV6KQBSZQ409G35JNO8H0,3CMV9YRYP31U4JS7QCBN2E93AGYLJP
7/24/20 17:22,7/24/20 17:24,0,47.20.16.150,100,109,1,7/24/20 17:24,R_2ALHU3OlTMpgEmc,,,,,41.29229736,-73.91840363,anonymous,EN,0.9,Safari,13.1,Macintosh,1440x900,33,1,3,3,3,4,2,2,2,1,,3,3,60,,A17BC2FIG4ULOC,3L70J4KAZGM3RYZ5AS5OEMU2HJVDA0,3PIOQ99R7YMT6Z6MEOVGM8M3WRWNUP
7/24/20 17:22,7/24/20 17:24,0,98.210.188.3,100,125,1,7/24/20 17:24,R_3wkErfTKqPZvyc9,,,,,37.78329468,-122.4952011,anonymous,EN,0.9,Chrome,84.0.4147.89,Windows NT 10.0,1600x900,5,2,6,3,1,5,1,2,2,1,,3,2,33,,AHSXMZBNS9BPA,30ZX6P7VF8VRPH4T79YKB26HAF0J2D,3CMV9YRYP31U4JS7QCBN2E93AGYLJP
7/24/20 17:22,7/24/20 17:25,0,108.226.122.254,100,148,1,7/24/20 17:25,R_1FtQe5DqbHngD15,,,,,35.31350708,-81.55989838,anonymous,EN,0.9,Chrome,80.0.3987.162,CrOS x86_64 12739.111.0,1366x768,34,1,3,3,3,5,1,1,2,,1,4,3,61,,A24GY3MMDG63PB,3ATPCQ38J8A6P9UW6OS2R743Z71AY5,37J05LC5AXJB674FDVDZJ11Y17WDJ1
7/24/20 17:23,7/24/20 17:25,0,104.222.30.254,100,96,1,7/24/20 17:25,R_qwQKaAY21O4X1x7,,,,,32.7203064,-117.1551971,anonymous,EN,0.9,Chrome,84.0.4147.89,Windows NT 10.0,1504x1003,5,2,2,2,3,6,1,2,2,1,,3,3,32,,A2F9O26XZLGLP2,3X31TUMD7XMQVMAXRQAJMY94MYS1LH,38B7Q9C28G5NFMCRHWE8O1D3OGX96A
7/24/20 17:24,7/24/20 17:25,0,107.11.30.122,100,66,1,7/24/20 17:25,R_22LDSQkDOrUiK8N,,,,,40.18730164,-82.98989868,anonymous,EN,0.9,Chrome,84.0.4147.89,Macintosh,1440x900,36,2,2,3,1,5,2,2,2,,2,1,1,59,,A2TZAKMALWU021,304SM51WA34ECXNFDW094W0804QSB4,3C8QQOM6JP1Y98818UQNQDU3X19LID
7/24/20 17:24,7/24/20 17:26,0,76.184.199.138,100,107,1,7/24/20 17:26,R_72i5NuMExlOSzQZ,,,,,33.19740295,-96.61769867,anonymous,EN,0.9,Chrome,84.0.4147.89,Windows NT 10.0,1280x1024,45,1,3,3,2,5,2,2,2,,1,3,2,71,,A2CWA5VQZ6IWMQ,3HPZF4IVNMTUIORUQ2OTX2URZAMYCV,3GS542CVJVNRWICDCD43WVZ3SLM95U
7/24/20 17:25,7/24/20 17:26,0,24.6.209.214,100,73,1,7/24/20 17:26,R_2YxlydDt0X4Cqg9,,,,,37.77029419,-122.4407043,anonymous,EN,0.9,Chrome,84.0.4147.89,Macintosh,1440x900,5,2,2,1,3,5,1,1,2,,1,4,3,30,,A345SA24CSYZDC,3J88R45B2GYOC8AOQBOXYOMPWN8PXV,3MQY1YVHS3KILE8NSEG1PURHWBYB25
7/24/20 17:25,7/24/20 17:27,0,24.230.71.218,100,93,1,7/24/20 17:27,R_V3ZiYRn61VPLedX,,,,,43.18249512,-99.29370117,anonymous,EN,0.9,Chrome,84.0.4147.89,Windows NT 10.0,1920x1080,43,1,3,3,3,5,1,1,2,1,,4,3,70,,AW2XWG1NUYMR5,3U4J9857OEBSTZ3NPT2Y954CDQEB71,3MQY1YVHS3KILE8NSEG1PURHWBYB25
7/24/20 17:24,7/24/20 17:27,0,99.8.5.204,100,157,1,7/24/20 17:27,R_2E63xohZDreOQLv,,,,,34.09150696,-118.1306992,anonymous,EN,0.9,Chrome,83.0.4103.116,Windows NT 10.0,1280x720,5,1,4,7,3,6,2,2,2,1,,3,2,38,,A7Q8QELSVUV4A,3XUHV3NRVKYNX8SQ1SXXXWTEHXO5HW,3C8QQOM6JP1Y98818UQNQDU3X19LID
7/24/20 17:26,7/24/20 17:27,0,97.90.48.42,100,85,1,7/24/20 17:27,R_1IMcqUySQtx6Dmo,,,,,46.22920227,-119.1705017,anonymous,EN,0.9,Safari,13.1.2,Macintosh,1920x1080,49,1,4,3,1,3,1,1,1,1,,3,3,71,,A68FKQTU35UHZ,3IGI0VL647K1FEKJ95O9BMQ1K42ONT,37J05LC5AXJB674FDVDZJ11Y17WDJ1
7/24/20 17:26,7/24/20 17:28,0,98.29.29.16,100,130,1,7/24/20 17:28,R_117l3RoquIz2Ban,,,,,39.64379883,-84.17430115,anonymous,EN,0.9,Chrome,84.0.4147.89,Macintosh,1920x1080,36,2,5,3,1,5,2,2,2,1,,2,1,62,,A39YZG9BJIUC94,3O7L7BFSHEPNPMW3IB8L1206U32EIZ,3GS542CVJVNRWICDCD43WVZ3SLM95U
7/24/20 17:24,7/24/20 17:29,0,74.180.213.247,100,260,1,7/24/20 17:29,R_2tCYxjnNLzT5TJr,,,,,34.02200317,-81.00720215,anonymous,EN,0.9,Chrome,84.0.4147.89,Windows NT 10.0,1600x900,42,2,4,3,1,2,1,1,2,,2,2,2,64,,A2J8ODHG3O5RVI,3XM0HYN6NKZF68J7V6Y5AZ1IGHXEPB,3GS542CVJVNRWICDCD43WVZ3SLM95U
7/24/20 17:28,7/24/20 17:30,0,99.189.75.184,100,126,1,7/24/20 17:30,R_1dGiZhPF1Fb9ui0,,,,,30.24229431,-97.76719666,anonymous,EN,0.9,Chrome,84.0.4147.89,Windows NT 10.0,1368x912,45,1,2,3,4,3,1,2,1,1,,4,3,70,,A1N27S7WB1RF7V,3LUY3GC63Z0UXT4X8YKZ4P91UUU7PJ,3MQY1YVHS3KILE8NSEG1PURHWBYB25
7/24/20 17:29,7/24/20 17:30,0,99.111.22.66,100,77,1,7/24/20 17:30,R_3pmv21cXdqSCCp2,,,,,33.37919617,-86.69689941,anonymous,EN,0.9,Chrome,84.0.4147.89,Macintosh,1280x800,1,2,5,3,3,5,2,2,2,,1,4,3,33,,A36FSYLKISUG3C,3TYCR1GOTCJNQIV5Z1JBESTGZD6LZR,3GS542CVJVNRWICDCD43WVZ3SLM95U
7/24/20 17:26,7/24/20 17:30,0,174.128.181.36,100,274,1,7/24/20 17:30,R_1eVHxjHKhXIYn8q,,,,,37.75100708,-97.8219986,anonymous,EN,0.9,Chrome,84.0.4147.89,Windows NT 10.0,1366x768,45,2,1,4,3,2,1,2,2,,1,4,2,69,,A28GFB3P2N6GNJ,3NLZY2D53PPECQUEC50YNZHCUAKQL1,3CMV9YRYP31U4JS7QCBN2E93AGYLJP
7/24/20 17:29,7/24/20 17:31,0,68.107.228.9,100,132,1,7/24/20 17:31,R_2rTQCSIEBePpZwn,,,,,36.73480225,-76.23429871,anonymous,EN,0.9,Chrome,84.0.4147.89,Windows NT 6.1,1366x768,48,2,5,3,1,5,2,2,2,,2,2,1,75,,AP9RJS66D2C4H,3AAPLD8UCCHPIA3G2OFV0CZSX0BTHC,37J05LC5AXJB674FDVDZJ11Y17WDJ1
7/24/20 17:30,7/24/20 17:32,0,104.12.54.24,100,86,1,7/24/20 17:32,R_1NsKcoReMb70a0V,,,,,26.67149353,-80.05709839,anonymous,EN,0.9,Chrome,84.0.4147.89,Macintosh,1280x800,10,1,4,3,3,6,1,2,2,,1,4,3,40,,AQFTZNX1EZXKI,3PWWM24LHSY2508AG51TMCX3U4928F,37J05LC5AXJB674FDVDZJ11Y17WDJ1
7/24/20 17:30,7/24/20 17:32,0,129.176.151.10,100,95,1,7/24/20 17:32,R_21iF2sOIcZTZwko,,,,,44.04840088,-92.49479675,anonymous,EN,0.9,Chrome,84.0.4147.89,Windows NT 10.0,1280x1024,24,1,2,4,3,5,1,2,2,1,,4,3,52,,A23KDJTDD014Y2,3ZPPDN2SLVWUEL30EH28O913BDH9ED,3GS542CVJVNRWICDCD43WVZ3SLM95U
7/24/20 17:30,7/24/20 17:32,0,65.31.122.169,100,80,1,7/24/20 17:32,R_0cEX4ZoR2IJzNHb,,,,,41.23069763,-80.4539032,anonymous,EN,0.9,Chrome,83.0.4103.106,Macintosh,1440x900,39,1,3,3,3,6,2,2,2,2,,2,1,66,,A3HUJSXIT35XVS,3JNQLM5FT4MXK7STAUAXRHJ9E482L1,38B7Q9C28G5NFMCRHWE8O1D3OGX96A
7/24/20 17:31,7/24/20 17:32,0,131.93.244.97,100,62,1,7/24/20 17:32,R_28HvrBkGh7dxXQf,,,,,43.03439331,-89.5007019,anonymous,EN,0.9,Chrome,83.0.4103.116,Macintosh,1280x800,51,1,3,3,1,5,2,2,2,,1,1,1,73,,AZ9DV3WK42UO1,35LDD5557A4C75E4ZCHGRQKSV9KKM7,3MQY1YVHS3KILE8NSEG1PURHWBYB25
7/24/20 17:31,7/24/20 17:32,0,24.163.1.208,100,81,1,7/24/20 17:32,R_3CY8T6JTt8ykJHj,,,,,36.03300476,-80.39160156,anonymous,EN,0.9,Chrome,79.0.3945.130,Macintosh,1440x900,34,2,3,3,1,5,1,1,2,,1,3,3,59,,A18Z1TTXV1S4,3Z7EFSHGN9E5IJ1KL62REONIX4VCX6,3C8QQOM6JP1Y98818UQNQDU3X19LID
7/24/20 17:30,7/24/20 17:33,0,73.197.102.204,100,143,1,7/24/20 17:33,R_1pX180AjaKZfKbZ,,,,,40.43060303,-74.40200043,anonymous,EN,0.9,Safari,13.1.2,Macintosh,2560x1440,31,2,3,1,1,6,1,1,2,1,,4,3,56,,A1VT581V4RDGVH,3G2UL9A02DEMNNMST2LQYPIKZP576E,3PIOQ99R7YMT6Z6MEOVGM8M3WRWNUP
7/24/20 17:31,7/24/20 17:33,0,64.130.155.103,100,129,1,7/24/20 17:33,R_1M70lagbtE4HOP2,,,,,37.2407074,-85.52230072,anonymous,EN,0.9,Firefox,78,Windows NT 10.0,1120x700,18,2,5,3,1,6,2,2,2,2,,1,1,45,,A8X1YI90JPSGP,3RKNTXVS3MYQR2GCHH4VBI0W465A4N,3MQY1YVHS3KILE8NSEG1PURHWBYB25
7/24/20 17:31,7/24/20 17:33,0,75.134.32.142,100,107,1,7/24/20 17:33,R_3lDZ9caFtHLEu3L,,,,,38.76690674,-93.72910309,anonymous,EN,0.9,Chrome,83.0.4103.116,Windows NT 10.0,1920x1080,26,1,3,1,2,4,1,1,2,1,,4,3,49,,A5X397JR1NNQC,3F1567XTNW5JBOT5N8X8IQQHUG5Q96,37J05LC5AXJB674FDVDZJ11Y17WDJ1
7/24/20 17:31,7/24/20 17:34,0,107.222.24.206,100,195,1,7/24/20 17:34,R_1CJjuLTlCYeaX0X,,,,,38.81129456,-121.2642975,anonymous,EN,0.9,Firefox,77,Macintosh,1366x768,5,2,4,3,3,3,1,2,2,,2,4,3,34,,A2NVNUMJS0GRBC,31Z0PCVWUKFSPLX4PFTJ9ZAYJXG7TP,3C8QQOM6JP1Y98818UQNQDU3X19LID
7/24/20 17:33,7/24/20 17:35,0,66.190.39.189,100,100,1,7/24/20 17:35,R_3neL6SkbuMWwudP,,,,,43.74090576,-87.72979736,anonymous,EN,0.9,Chrome,84.0.4147.89,Windows NT 10.0,1450x816,51,2,4,3,2,2,2,2,2,1,,4,3,78,,A28ELUT1135D59,3MX2NQ3YC9UKJYS56WFJ0IH85N9X5J,37J05LC5AXJB674FDVDZJ11Y17WDJ1
7/24/20 17:33,7/24/20 17:35,0,96.227.239.60,100,88,1,7/24/20 17:35,R_3s4iQIVA2l4NoMH,,,,,39.91949463,-75.15650177,anonymous,EN,0.9,Chrome,84.0.4147.89,Windows NT 10.0,1920x1080,39,1,5,3,3,2,1,1,2,,1,4,3,65,,ALN9GFZQLOZLY,3U5NZHP4LR2RQIA9L76BV2YV8XRPH4,3PIOQ99R7YMT6Z6MEOVGM8M3WRWNUP
7/24/20 17:34,7/24/20 17:35,0,96.74.26.245,100,76,1,7/24/20 17:35,R_3HvrpTbnEWosjwO,,,,,47.53570557,-122.350296,anonymous,EN,0.9,Edge,18.18363,Windows NT 10.0,1335x890,49,1,2,3,2,5,2,2,2,1,,2,2,73,,A24KPWVBH8PDJO,3I0BTBYZAXLAOWWEEMV921SQQLT0Y8,3CMV9YRYP31U4JS7QCBN2E93AGYLJP
7/24/20 17:32,7/24/20 17:35,0,68.6.89.176,100,180,1,7/24/20 17:35,R_1gjZcCAhySlyuAQ,,,,,34.40600586,-119.5180969,anonymous,EN,0.9,Chrome,84.0.4147.89,Macintosh,1280x800,5,2,7,3,2,5,1,2,2,,1,4,3,37,,ACSCULTU3E0TO,3YWRV122CSZBPCHCZPBZSVSVDVTU8Q,3CMV9YRYP31U4JS7QCBN2E93AGYLJP
7/24/20 17:35,7/24/20 17:37,0,98.240.176.228,100,116,1,7/24/20 17:37,R_1LGv8iw3OghWOIZ,,,,,45.07820129,-93.18939972,anonymous,EN,0.9,Safari,13.1.1,Macintosh,1440x900,24,2,3,3,2,5,2,2,2,,1,4,3,53,,A1230L5QMQ9TSG,34MAJL3QP4NQ7HHR82PLOAMQYWF43N,3CMV9YRYP31U4JS7QCBN2E93AGYLJP
7/24/20 17:36,7/24/20 17:38,0,172.58.140.211,100,112,1,7/24/20 17:38,R_3dTgrHSp0QzLDcJ,,,,,41.94569397,-87.73930359,anonymous,EN,0.9,Chrome,84.0.4147.89,Windows NT 10.0,1920x1080,36,2,4,3,2,5,2,2,2,1,,4,3,66,,A1PROY06KPZ2LK,3Q5C1WP23M1CTX7CZ3UC59D708W511,3GS542CVJVNRWICDCD43WVZ3SLM95U
7/24/20 17:36,7/24/20 17:38,0,73.210.78.135,100,157,1,7/24/20 17:38,R_U9mnvcGId3IZOVz,,,,,42.46549988,-88.11620331,anonymous,EN,0.9,Chrome,84.0.4147.89,Windows NT 10.0,1366x768,14,2,5,3,3,5,2,2,2,,1,3,2,44,,A3L7IWDL0R3KU9,3GS6S824SQX9KNTL0RFJSG3NN64WNG,3CMV9YRYP31U4JS7QCBN2E93AGYLJP
7/24/20 17:36,7/24/20 17:39,0,73.106.193.194,100,141,1,7/24/20 17:39,R_2BtIs02Qeiu72sZ,,,,,33.91409302,-84.82740021,anonymous,EN,0.9,Chrome,84.0.4147.89,Windows NT 10.0,1366x768,11,2,4,3,1,7,1,1,2,1,,4,3,40,,A1AIHD59JXEEDU,3WETL7AQWT8830LRM78VT2S4YSA35R,3GS542CVJVNRWICDCD43WVZ3SLM95U
7/24/20 17:36,7/24/20 17:39,0,107.213.18.85,100,196,1,7/24/20 17:39,R_3nxfbXYyM8wmR4j,,,,,32.51950073,-96.8105011,anonymous,EN,0.9,Chrome,83.0.4103.119,CrOS x86_64 13020.87.0,1241x698,45,2,4,2,2,8,1,2,2,1,,4,3,76,,ABVMEMQAWO63X,3AUQQEL7U5TTK2199B8PV2OW84QV0T,3CMV9YRYP31U4JS7QCBN2E93AGYLJP
7/24/20 17:38,7/24/20 17:39,0,71.47.223.197,100,77,1,7/24/20 17:39,R_6lEaSqlsF80CvRf,,,,,28.14039612,-80.65139771,anonymous,EN,0.9,Chrome,83.0.4103.116,Windows NT 10.0,1280x720,10,1,2,3,2,5,1,2,2,1,,4,3,36,,AJYS0S242J23K,3U088ZLJVKT6ZR1EZLDLH47AFDUW06,3PIOQ99R7YMT6Z6MEOVGM8M3WRWNUP
7/24/20 17:38,7/24/20 17:40,0,72.14.10.39,100,120,1,7/24/20 17:40,R_2ScppEHNiEPIGuw,,,,,36.63079834,-94.94100189,anonymous,EN,0.9,Firefox,78,Windows NT 6.3,1366x768,37,1,4,3,2,5,1,1,1,,1,4,3,63,,A1WB6RPYK8VPLK,33L7PJKHCGYWPZ2NZKLPNZ6TUHOT80,37J05LC5AXJB674FDVDZJ11Y17WDJ1
7/24/20 17:39,7/24/20 17:41,0,108.248.28.118,100,121,1,7/24/20 17:41,R_3scd5RzqhbaGJOL,,,,,39.25639343,-119.9521027,anonymous,EN,0.9,Chrome,84.0.4147.89,Windows NT 6.1,1152x720,29,2,6,3,3,3,2,2,2,,1,4,3,60,,A2QV1T88XD5J7F,35L9RVQFCOI4INI52T5558LUGELUH7,3PIOQ99R7YMT6Z6MEOVGM8M3WRWNUP
7/24/20 17:40,7/24/20 17:42,0,184.55.148.246,100,122,1,7/24/20 17:42,R_Z8A7K0J8NFu7TZ7,,,,,44.18069458,-88.47599792,anonymous,EN,0.9,Chrome,84.0.4147.89,Windows NT 10.0,1920x1080,51,1,4,1,2,6,2,2,2,1,,2,2,76,,A3JC9VPPTHNKVL,3SB4CE2TJVVHP44M1S608TXUX1DAX5,3GS542CVJVNRWICDCD43WVZ3SLM95U
7/24/20 17:42,7/24/20 17:43,0,73.178.72.236,100,67,1,7/24/20 17:43,R_1mWuCQILZoARmsy,,,,,40.4855957,-74.62650299,anonymous,EN,0.9,Chrome,83.0.4103.116,Macintosh,1440x900,31,2,4,3,1,7,2,2,2,,1,4,3,62,,A2HZIKHNEBKXP3,3EA3QWIZ4IVPE5E086XG0O07XDUTI9,3PIOQ99R7YMT6Z6MEOVGM8M3WRWNUP
7/24/20 17:41,7/24/20 17:43,0,69.180.153.211,100,99,1,7/24/20 17:43,R_6AuQSOD3xDxVBMl,,,,,44.97099304,-93.04979706,anonymous,EN,0.9,Chrome,72.0.3626.96,Windows NT 10.0,1920x1080,24,2,6,3,3,2,2,2,2,1,,4,3,54,,A2UHGQXYWCWDN6,3PDJHANYK5GJGCS46B72P27EDS4H6T,37J05LC5AXJB674FDVDZJ11Y17WDJ1
7/24/20 17:44,7/24/20 17:44,0,99.171.76.234,100,34,1,7/24/20 17:44,R_2qlveYlIo2oJYK1,,,,,29.82369995,-81.32409668,anonymous,EN,0.9,Chrome,84.0.4147.89,Macintosh,2560x1440,10,1,3,1,3,6,1,1,2,,1,4,3,36,,A1T2K66AF1Q640,3PW9OPU9PQKKU0OPHKSE72AVGY712Y,3CMV9YRYP31U4JS7QCBN2E93AGYLJP
7/24/20 17:43,7/24/20 17:45,0,76.126.242.245,100,87,1,7/24/20 17:45,R_3sitxB8pmWlyuWu,,,,,37.37730408,-122.0194016,anonymous,EN,0.9,Chrome,84.0.4147.89,Macintosh,1280x800,5,2,2,1,2,6,1,1,1,1,,4,3,29,,A12B58VPZ0URP4,3BDCF01OGXUNLSL03FHS0LKETJ6YLH,3PIOQ99R7YMT6Z6MEOVGM8M3WRWNUP
7/24/20 17:41,7/24/20 17:45,0,72.177.171.255,100,254,1,7/24/20 17:45,R_1FS1wyWQiNb9c4l,,,,,29.49630737,-98.40039825,anonymous,EN,0.9,Chrome,84.0.4147.89,Windows NT 10.0,1366x768,45,1,5,3,3,3,2,2,2,,1,3,3,73,,AHVYXIIP3GA95,3EF8EXOTT1VK0WMXO5Y66JWCI9SJ12,3MQY1YVHS3KILE8NSEG1PURHWBYB25
7/24/20 17:44,7/24/20 17:45,0,68.82.0.153,100,84,1,7/24/20 17:45,R_w7bNETqBcojQooN,,,,,40.03450012,-75.11930084,anonymous,EN,0.9,Safari,13.1,Macintosh,810x1080,39,2,2,4,3,2,1,1,1,,2,4,3,64,,A10FHAMHH4P26X,3JWH6J9I9SDHWKVA50JN52Q2D5PBNI,3MQY1YVHS3KILE8NSEG1PURHWBYB25
7/24/20 17:43,7/24/20 17:45,0,76.174.34.67,100,106,1,7/24/20 17:45,R_9BPHymBqJdkpuN3,,,,,34.07670593,-118.1801987,anonymous,EN,0.9,Firefox,78,Macintosh,1920x1200,5,1,4,3,3,5,1,1,1,2,,4,2,32,,A23V6BNL580IFV,30IQTZXKAK6LOR649Q97JNLHOF20X5,3PIOQ99R7YMT6Z6MEOVGM8M3WRWNUP
7/24/20 17:45,7/24/20 17:46,0,68.8.93.146,100,110,1,7/24/20 17:47,R_1Pc9SUhO8qLovok,,,,,32.60650635,-117.0579987,anonymous,EN,0.9,Chrome,84.0.4147.89,Macintosh,1440x900,5,1,2,1,1,3,1,2,2,,1,1,2,22,,A19Z6EQRPT7XJI,3X65QVEQI0NAIPKV7NZ33USVQVPLCX,3C8QQOM6JP1Y98818UQNQDU3X19LID
7/24/20 17:46,7/24/20 17:47,0,73.93.154.215,100,80,1,7/24/20 17:47,R_2VKljmxrU6uBWxI,,,,,37.79580688,-122.4203033,anonymous,EN,0.9,Chrome,84.0.4147.89,Windows NT 10.0,1280x720,5,2,4,3,2,5,2,2,2,2,,4,3,36,,A115SW2VTLJ6PA,3IJXV6UZ1XJCYQ184HSL09ZP9SYRIV,3GS542CVJVNRWICDCD43WVZ3SLM95U
7/24/20 17:48,7/24/20 17:49,0,174.21.84.102,100,57,1,7/24/20 17:49,R_10OEoBGBiHkFCMc,,,,,47.68589783,-122.2994003,anonymous,EN,0.9,Chrome,83.0.4103.116,Macintosh,1280x800,49,2,2,3,3,5,1,1,2,,1,3,3,75,,A2PR1TX7FD1RST,3GU1KF0O4I1HZ57NLFWF9RVXDKRBPF,3C8QQOM6JP1Y98818UQNQDU3X19LID
7/24/20 17:47,7/24/20 17:49,0,174.31.102.51,100,127,1,7/24/20 17:49,R_3smhmHSRwv8llWB,,,,,47.73449707,-117.4469986,anonymous,EN,0.9,Chrome,65.0.3325.181,Macintosh,1920x1080,49,1,5,3,3,5,2,2,2,1,,3,3,79,,A2SYDD8X94MWIQ,3OONKJ5DKCJZE5VM6FJ0KRQ73FVOBB,3MQY1YVHS3KILE8NSEG1PURHWBYB25
7/24/20 17:48,7/24/20 17:51,0,172.90.36.74,100,226,1,7/24/20 17:51,R_27kwzersZ4QfDd6,,,,,33.81599426,-117.9692001,anonymous,EN,0.9,Chrome,83.0.4103.116,Macintosh,1920x1080,5,1,5,3,1,3,2,2,2,1,,2,2,29,,A3VMGXARV45R2F,38F71OA9GTW1RJMQY1QJBDSNND8MFC,3MQY1YVHS3KILE8NSEG1PURHWBYB25
7/24/20 17:53,7/24/20 17:56,0,67.168.160.235,100,146,1,7/24/20 17:56,R_3EtKF26eQMdyk26,,,,,47.73460388,-122.3479004,anonymous,EN,0.9,Chrome,84.0.4147.89,Windows NT 10.0,1600x900,49,1,6,3,2,3,2,2,2,,1,4,3,78,,A20XJDZ9VQPAHK,3GFK2QRXX9H5UYNFWRJXYZ31WLA5W5,38B7Q9C28G5NFMCRHWE8O1D3OGX96A
7/24/20 17:54,7/24/20 17:56,0,76.232.37.209,100,125,1,7/24/20 17:56,R_2EfWQE5keIdDITO,,,,,39.95300293,-83.0766983,anonymous,EN,0.9,Chrome,83.0.4103.119,CrOS x86_64 13020.87.0,1366x768,36,2,3,3,3,3,1,2,2,,1,4,3,63,,AVSSED9GFYZV4,32XVDSJFPZXHQPAEA6BCRUYYE95M2U,38B7Q9C28G5NFMCRHWE8O1D3OGX96A
7/24/20 17:54,7/24/20 17:56,0,98.13.75.3,100,117,1,7/24/20 17:56,R_BIZ7jwpuKSU17BD,,,,,43.81419373,-70.48069763,anonymous,EN,0.9,Safari,13.1.1,Macintosh,1920x1080,20,2,3,3,2,5,2,2,2,1,,4,3,49,,A23JK6EV257I2R,33SA9F9TRXU5QHG87SC02T9E9E9EWF,38B7Q9C28G5NFMCRHWE8O1D3OGX96A
7/24/20 17:55,7/24/20 17:57,0,172.75.33.75,100,123,1,7/24/20 17:57,R_33BibxfIEMB7Q10,,,,,33.02729797,-80.17680359,anonymous,EN,0.9,Firefox,78,Windows NT 10.0,1366x768,42,1,6,3,3,6,2,2,2,,2,3,1,73,,AQDRYJ6FNKW9D,30BUDKLTXDVBDY1OBRPRCTW1PH65EQ,3C8QQOM6JP1Y98818UQNQDU3X19LID
7/24/20 17:56,7/24/20 17:59,0,174.223.8.218,100,181,1,7/24/20 17:59,R_PU96gy2rmpVtQWd,,,,,33.4355011,-86.11309814,anonymous,EN,0.9,Firefox,78,Macintosh,1280x800,1,2,3,3,1,5,1,2,2,1,,2,1,24,,A3K6QLTTQP9IQ8,3B1NLC6UGZWDQMFY11OTA2MUTXMGP4,38B7Q9C28G5NFMCRHWE8O1D3OGX96A